t,filtered_r_n,filtered_std_r_n,lower_95_r_n,upper_95_r_n,filter_error_r_n,filtered_u,filtered_std_u,lower_95_u,upper_95_u,filter_error_u,filtered_nu,filtered_std_nu,lower_95_nu,upper_95_nu,filter_error_nu
0,0.032385006238400085,0.0011410158897212119,0.03014861509454651,0.03462139738225366,1.5310829040618423e-05,-0.008830668230296877,0.0007275924254552137,-0.010256749384189096,-0.007404587076404658,0.0003436782128893954,0.0022620824720158356,0.0020090606791801392,-0.001675676459177237,0.006199841403208908,5.725977257332003e-05
1,0.041538625356724215,0.00112663366071677,0.03933042338171935,0.043746827331729084,0.0025721257856399574,0.005842983987645351,0.0007159365988112484,0.004439748253975305,0.007246219721315398,-0.0006572649660165015,0.0041441289513761154,0.0019399599359608524,0.0003418074768928446,0.007946450425859387,0.0008895730511746906
2,0.023055510228825765,0.0011258523765800088,0.020848839570728948,0.025262180886922583,-0.000900751086600593,-0.0012317716144160753,0.0007151489478142016,-0.0026334635521319105,0.00016992032329975963,4.360876590016197e-05,0.005255641745238839,0.0019351059397508408,0.0014628341033271906,0.009048449387150487,-0.0034617111934533836
3,0.005627353084037091,0.0011257983743346003,0.0034207882703412747,0.007833917897732908,-0.0013590448595777078,-0.014446266789331114,0.0007150944055134813,-0.015847851824137536,-0.01304468175452469,-0.00010244038663381749,0.0029742994524291524,0.0019347694397184104,-0.0008178486494189318,0.006766447554277237,-0.0013236113212820966
4,-0.010968133367119519,0.0011257946345697174,-0.013174690850876164,-0.008761575883362873,-0.0016660093580921232,-0.018780509495496783,0.000715090628136364,-0.020182087126644058,-0.01737893186434951,0.0006158346653615844,-0.0006699578762863494,0.0019347461336376372,-0.004462060298216118,0.0031221445456434196,0.0008293300129531206
5,-0.018976202128189536,0.0011257943755706606,-0.02118275910430803,-0.016769645152071043,0.00013179115030336266,-0.011025710066151877,0.0007150903665318775,-0.012427287184554357,-0.009624132947749397,0.0007895090769156482,-0.0027735158552836376,0.0019347445195549075,-0.006565615113611256,0.001018583403043981,-0.003851119610041786
6,-0.011475598860826136,0.0011257943576335426,-0.01368215580178788,-0.009269041919864392,0.0024694611547949556,0.0011889917052359282,0.0007150903484143173,-0.00021258537765613374,0.00259056878812799,-0.0005753445771236746,0.0006096089345391709,0.0019347444077707054,-0.0031824901046914114,0.0044017079737697536,0.0010770784446269175
7,-0.03655543643997501,0.0011257943563912978,-0.038761993378501954,-0.03434887950144807,0.0013719522003053652,-0.008897499523153525,0.0007150903471595759,-0.010299076603586295,-0.007495922442720756,-0.00190311523011253,-0.0006499732937377519,0.0019347444000290307,-0.004442072317794652,0.0031421257303191484,0.003933196983156554
8,-0.026674813978880278,0.0011257943563052655,-0.028881370917238598,-0.024468257040521958,0.0014786142473984,0.0013935118966669725,0.0007150903470726781,-8.065183595476737e-06,0.0027950889769294217,-0.00015435285638991294,-0.0011374802317810858,0.0019347443994928767,-0.004929579254787124,0.0026546187912249524,0.0027139942135007904
9,-0.02320834557771663,0.0011257943562993074,-0.02541490251606327,-0.021001788639369988,0.000990724432742101,0.007532917386931938,0.00071509034706666,0.006131340306681284,0.008934494467182592,0.0008564135656912173,0.003146070994576691,0.001934744399455745,-0.0006460280283565691,0.0069381700175099505,0.0021729384430588384
10,-0.026672593003279295,0.0011257943562988947,-0.02887914994162513,-0.02446603606493346,0.00036150770785781106,0.011728443008622998,0.0007150903470662433,0.01032686592837316,0.013130020088872835,-0.0006225496145800744,0.0015926733148083772,0.0019347443994531734,-0.002199425708119843,0.005384772337736597,0.0024044385497382715
11,-0.01381365642795674,0.0011257943562988661,-0.016020213366302518,-0.011607099489610962,-0.0006744648844236572,-0.019979228756414922,0.0007150903470662143,-0.021380805836664702,-0.018577651676165142,0.0007042494096953927,-0.0007939275404330251,0.0019347443994529954,-0.004586026563360896,0.0029981714824948457,0.0007398538299985146
12,-0.004143627530968942,0.0011257943562988642,-0.006350184469314716,-0.0019370705926231684,0.0029955816215092284,-0.023591799323961864,0.0007150903470662123,-0.02499337640421164,-0.022190222243712088,-0.000358383409497693,-0.003919155361312385,0.001934744399452983,-0.007711254384240232,-0.00012705633838453823,0.0032521475313075235
13,-0.01973250117294483,0.001125794356298864,-0.021939058111290606,-0.017525944234599057,-0.001555534362296048,-0.014621954640083281,0.0007150903470662122,-0.016023531720333058,-0.013220377559833504,0.00010157093633952202,-0.003740153842003257,0.0019347443994529822,-0.007532252864931102,5.19451809245881e-05,-0.0011473550411618331
14,-0.007342242453636169,0.001125794356298864,-0.009548799391981942,-0.005135685515290396,0.0014646543639017448,-0.00853992768647705,0.0007150903470662122,-0.009941504766726825,-0.007138350606227274,-0.0005841686108403413,-0.003839179570739975,0.0019347443994529822,-0.00763127859366782,-4.7080547812129985e-05,0.0013599859691985836
15,-0.017890640381574487,0.001125794356298864,-0.02009719731992026,-0.015684083443228712,0.0005865382354716779,0.0009720180434109969,0.0007150903470662122,-0.0004295590368387789,0.0023735951236607726,0.0002570987161004592,-7.383824075923927e-05,0.0019347443994529822,-0.003865937263687084,0.003718260782168606,0.0003108559621062231
16,-0.014033341952428512,0.001125794356298864,-0.016239898890774287,-0.01182678501408274,-1.9975370000912054e-05,0.019207126598987607,0.0007150903470662122,0.01780554951873783,0.020608703679237384,-0.00021250410081981308,-0.001018945893148773,0.0019347443994529822,-0.004811044916076618,0.002773153129779072,0.0007871087902624817
17,-0.012212454541253644,0.001125794356298864,-0.014419011479599416,-0.010005897602907871,-0.0005526379187678152,0.011767101555233186,0.0007150903470662122,0.010365524474983411,0.013168678635482961,0.00030858898755535026,-0.0022607879347570584,0.0019347443994529822,-0.006052886957684904,0.0015313110881707867,-0.0007440743539260984
18,-0.023400891910698746,0.001125794356298864,-0.02560744884904452,-0.02119433497235297,-0.0004585177956839895,-0.00832783161083591,0.0007150903470662122,-0.009729408691085687,-0.006926254530586135,-0.00018517791305738308,-0.0001937761402101228,0.0019347443994529822,-0.003985875163137968,0.0035983228827177224,0.000513940046389599
19,-0.014384297894745858,0.001125794356298864,-0.016590854833091633,-0.012177740956400085,-0.0001327102200100374,0.013435804157908422,0.0007150903470662122,0.012034227077658645,0.014837381238158198,-0.0004387812411777922,0.0004233535020286068,0.0019347443994529822,-0.0033687455208992385,0.004215452524956452,0.0006568972234090259
20,-0.038057487614242214,0.001125794356298864,-0.04026404455258799,-0.03585093067589644,0.0011366600598591917,-0.008625874133471627,0.0007150903470662122,-0.010027451213721401,-0.007224297053221851,-0.0012533593553922685,-0.001803681690058239,0.0019347443994529822,-0.005595780712986084,0.001988417332869606,0.002502797939019481
21,-0.039835642318272343,0.001125794356298864,-0.04204219925661812,-0.03762908537992657,0.0011380135447308024,0.0005310596770987091,0.0007150903470662122,-0.0008705174031510667,0.0019326367573484849,-0.0004957260996562348,-0.0009113981746105072,0.0019347443994529822,-0.004703497197538352,0.002880700848317338,0.0005101306856265958
22,-0.028692604396622336,0.001125794356298864,-0.03089916133496811,-0.02648604745827656,0.0011884724241752638,-0.013690768655969118,0.0007150903470662122,-0.015092345736218895,-0.012289191575719342,0.00023716778027318107,0.0014260175640198802,0.0019347443994529822,-0.002366081458907965,0.005218116586947725,0.0030940287816058256
23,-0.023906944769087043,0.001125794356298864,-0.026113501707432818,-0.02170038783074127,0.00046381927314635,0.01381962206946839,0.0007150903470662122,0.012418044989218613,0.015221199149718166,-4.255748163272538e-05,0.0016575141714642325,0.0019347443994529822,-0.0021345848514636124,0.005449613194392078,-0.0008313674359811702
24,-0.02204411959281247,0.001125794356298864,-0.024250676531158245,-0.019837562654466696,-0.0006395282429647181,0.015576240365559638,0.0007150903470662122,0.014174663285309863,0.016977817445809413,-0.00011624112192914864,0.002537120924525677,0.0019347443994529822,-0.0012549780984021683,0.006329219947453522,0.0009780412515857846
25,-0.016671171951734752,0.001125794356298864,-0.018877728890080527,-0.01446461501338898,0.00343913621314142,0.002420745712695278,0.0007150903470662122,0.0010191686324455022,0.0038223227929450538,-0.0019204039363310069,0.0025967054683187513,0.0019347443994529822,-0.0011953935546090938,0.006388804491246597,0.006252340151985271
26,-0.0020333132235212346,0.001125794356298864,-0.004239870161867007,0.00017324371482453855,-0.00159709060428612,0.0026464328296512654,0.0007150903470662122,0.0012448557494014897,0.004048009909901042,-0.0008128155831398603,-0.002716626196193485,0.0019347443994529822,-0.00650872521912133,0.0010754728267343603,0.002086987423132977
27,-0.005169818770537504,0.001125794356298864,-0.007376375708883278,-0.002963261832191731,-0.0002252077901754206,-0.003906428820025027,0.0007150903470662122,-0.005308005900274803,-0.0025048517397752513,0.00024897467206478046,-0.0013491733829202651,0.0019347443994529822,-0.00514127240584811,0.0024429256400075802,0.0015026446223640585
28,-0.009606788133789155,0.001125794356298864,-0.011813345072134928,-0.007400231195443382,-0.0006708395902511773,0.01299881116731718,0.0007150903470662122,0.011597234087067403,0.014400388247566957,-0.0011953898556969211,-0.0015768011311442136,0.0019347443994529822,-0.005368900154072058,0.0022152978917836315,0.004120262298782118
29,0.004897809567348413,0.001125794356298864,0.0026912526290026402,0.007104366505694187,0.001595390321334815,0.005034518508587866,0.0007150903470662122,0.0036329414283380905,0.006436095588837642,-0.0006799092485918704,5.472892811634168e-05,0.0019347443994529822,-0.0037373700948115035,0.0038468279510441867,0.0004932955664389865
30,-0.0023311932622002577,0.001125794356298864,-0.004537750200546031,-0.00012463632385448448,0.00034726059175833835,-0.006157754471428785,0.0007150903470662122,-0.007559331551678561,-0.00475617739117901,0.0008730635104853097,-0.001208753040772467,0.0019347443994529822,-0.0050008520637003125,0.002583345982155378,-0.0014733296382104558
31,0.019103877350608884,0.001125794356298864,0.01689732041226311,0.02131043428895466,-3.8439024794327536e-05,-0.015557112414909112,0.0007150903470662122,-0.01695868949515889,-0.014155535334659335,0.00021571526238433475,0.002229536894302246,0.0019347443994529822,-0.0015625621286255993,0.006021635917230091,0.00025135627486154097
32,0.030776882738474932,0.001125794356298864,0.028570325800129158,0.03298343967682071,0.0010544318300740908,-0.002623961662488867,0.0007150903470662122,-0.004025538742738643,-0.0012223845822390911,0.0001965969907189117,0.0012436578481835373,0.0019347443994529822,-0.002548441174744308,0.005035756871111382,0.000508344787673794
33,0.04342535917864378,0.001125794356298864,0.041218802240298,0.04563191611698955,-0.0009779782565846815,-0.000113476568938732,0.0007150903470662122,-0.0015150536491885078,0.0012881005113110438,0.0005635385468242223,7.942558404073433e-05,0.0019347443994529822,-0.003712673438887111,0.0038715246069685794,-0.0023800182172430077
34,0.037112946049590985,0.001125794356298864,0.03490638911124521,0.03931950298793676,-0.0010232563935313396,0.005135389350454583,0.0007150903470662122,0.003733812270204807,0.006536966430704358,-0.0002806224514577795,0.001190653795921401,0.0019347443994529822,-0.002601445227006444,0.004982752818849246,0.0011524716881219715
35,0.02421123973028945,0.001125794356298864,0.022004682791943675,0.026417796668635224,0.0009365741255472695,0.015038843621023899,0.0007150903470662122,0.013637266540774122,0.016440420701273675,-0.0004055476541195927,-0.00034604238310316623,0.0019347443994529822,-0.0041381414060310115,0.0034460566398246788,-0.0005683443875797991
36,0.024873424028694673,0.001125794356298864,0.0226668670903489,0.027079980967040448,0.00019418513951426422,-0.0026173224782723003,0.0007150903470662122,-0.004018899558522076,-0.0012157453980225245,0.0007691066407695757,0.0026040061008081733,0.0019347443994529822,-0.0011880929221196718,0.006396105123736019,4.897815761568556e-05
37,0.034467282814899296,0.001125794356298864,0.03226072587655352,0.03667383975324507,0.0010366019022998371,-0.000393942264559848,0.0007150903470662122,-0.0017955193448096238,0.0010076348156899278,-0.0006803463536716242,-0.0013489392715302154,0.0019347443994529822,-0.005141038294458061,0.0024431597513976297,0.0013144937313026165
38,0.03576606448734292,0.001125794356298864,0.03355950754899715,0.0379726214256887,0.0009953047724898592,-0.01606301408596087,0.0007150903470662122,-0.017464591166210647,-0.014661437005711094,6.714063385396957e-05,-0.00016380610434193056,0.0019347443994529822,-0.0039559051272697755,0.0036282929185859148,-0.0003290068246224753
39,0.036534178387699526,0.001125794356298864,0.03432762144935375,0.0387407353260453,8.80257391998665e-05,-0.020617093566550004,0.0007150903470662122,-0.02201867064679978,-0.019215516486300228,0.00015069809880016022,-0.0028947788298522717,0.0019347443994529822,-0.006686877852780116,0.0008973201930755734,-0.0012494780709450832
40,0.014056121507852877,0.001125794356298864,0.011849564569507105,0.01626267844619865,-0.0011580550869652838,-0.018418761374143555,0.0007150903470662122,-0.019820338454393332,-0.01701718429389378,0.000769158073045513,-0.004870505497365734,0.0019347443994529822,-0.00866260452029358,-0.0010784064744378892,-0.00044094253600385127
41,-0.0051982009444584195,0.001125794356298864,-0.007404757882804192,-0.0029916440061126463,-0.00028161776202892223,-0.026740365431931687,0.0007150903470662122,-0.028141942512181464,-0.02533878835168191,0.0005089553050826069,-0.000726501119415274,0.0019347443994529822,-0.004518600142343119,0.003065597903512571,-0.00015497872548457612
42,-0.0032211928404552287,0.001125794356298864,-0.005427749778801002,-0.0010146359021094556,-0.0010899286821055196,-0.0022389375017158562,0.0007150903470662122,-0.003640514581965632,-0.0008373604214660805,0.0004399127435886496,-0.002712035198306678,0.0019347443994529822,-0.006504134221234524,0.001080063824621167,-0.0015537536276617418
43,0.011549823337389882,0.001125794356298864,0.00934326639904411,0.013756380275735655,-0.00044615220087335095,-0.014043399924101809,0.0007150903470662122,-0.015444977004351584,-0.012641822843852034,0.00022477811676661907,0.00025246975414963766,0.0019347443994529822,-0.0035396292687782075,0.004044568777077482,0.0010969555027979779
44,0.008125320557411504,0.001125794356298864,0.0059187636190657315,0.010331877495757277,0.0014450360930239204,-0.01968167441941286,0.0007150903470662122,-0.021083251499662635,-0.01828009733916308,-0.0006473364033939347,-0.0005356083395230325,0.0019347443994529822,-0.0043277073624508776,0.0032564906834048127,0.002223767039849495
45,-0.007766475905181991,0.001125794356298864,-0.009973032843527765,-0.0055599189668362175,0.0003084955890439575,-0.010206867573495142,0.0007150903470662122,-0.011608444653744918,-0.008805290493245365,-0.0006532472294600317,-0.00198418769771032,0.0019347443994529822,-0.005776286720638166,0.001807911325217525,0.0013711649002225938
46,-0.0024036389761813155,0.001125794356298864,-0.004610195914527089,-0.00019708203783554232,0.0005139180087429742,-0.0025755179272622503,0.0007150903470662122,-0.003977095007512026,-0.0011739408470124745,-0.0005593344894056131,-0.0011370024043126075,0.0019347443994529822,-0.004929101427240453,0.0026550966186152376,0.0011504590868726175
47,-0.010704836936065613,0.001125794356298864,-0.012911393874411385,-0.00849827999771984,-0.0006386117736798709,-0.004653969595008783,0.0007150903470662122,-0.0060555466752585585,-0.003252392514759007,0.00019021904458976,0.0008092214343580248,0.0019347443994529822,-0.0029828775885698206,0.00460132045728587,7.901536974344288e-05
48,-0.00652708038175439,0.001125794356298864,-0.008733637320100162,-0.004320523443408617,-8.419167221806502e-05,-0.006201870136040516,0.0007150903470662122,-0.007603447216290291,-0.00480029305579074,0.000327841153854631,-0.00029866468963033995,0.0019347443994529822,-0.004090763712558185,0.003493434333297505,0.00012669466655645272
49,0.011223446816530668,0.001125794356298864,0.009016889878184895,0.01343000375487644,-0.0012931818256310158,-0.0069199624473864465,0.0007150903470662122,-0.008321539527636222,-0.005518385367136671,0.0004368489400779522,-0.0024497074743488204,0.0019347443994529822,-0.006241806497276665,0.0013423915485790247,-0.0015691691939212927
50,0.018793389750695656,0.001125794356298864,0.01658683281234988,0.02099994668904143,0.0023299561579491236,-0.009750982387368785,0.0007150903470662122,-0.011152559467618561,-0.008349405307119008,-0.001466482133336229,-0.0006594717929100975,0.0019347443994529822,-0.0044515708158379425,0.0031326272300177477,0.0033301038614024464
51,0.006426031700689554,0.001125794356298864,0.004219474762343781,0.008632588639035326,0.0013747183361635783,-0.008100619652534152,0.0007150903470662122,-0.009502196732783928,-0.006699042572284376,0.00020419859950597183,-0.0029542539148534855,0.0019347443994529822,-0.006746352937781331,0.0008378451080743596,-0.0007645012007291745
52,0.002029415723269211,0.001125794356298864,-0.00017714121507656205,0.004235972661614984,0.0005426154938319508,-0.013669356715735208,0.0007150903470662122,-0.015070933795984984,-0.012267779635485431,0.00034896696796879456,-0.002391611402586288,0.0019347443994529822,-0.006183710425514133,0.001400487620341557,-0.0014579003271659075
53,0.007224445359734519,0.001125794356298864,0.005017888421388747,0.009431002298080292,-0.0006372258837969678,-0.01866619693291357,0.0007150903470662122,-0.020067774013163345,-0.017264619852663792,0.0012428877610278152,0.0006452122666647199,0.0019347443994529822,-0.0031468867562631253,0.0044373112895925645,-0.00419174465660422
54,-0.005040700097194035,0.001125794356298864,-0.007247257035539809,-0.002834143158848262,-0.0005335253906017193,0.0065853228238248185,0.0007150903470662122,0.005183745743575043,0.007986899904074595,0.0007729107671828363,0.0030465146362730565,0.0019347443994529822,-0.0007455843866547886,0.006838613659200902,-0.0028636537789900663
55,0.009525610773333151,0.001125794356298864,0.0073190538349873786,0.011732167711678924,0.000670877520268516,0.011617674789248408,0.0007150903470662122,0.010216097708998631,0.013019251869498184,-0.0010367568926145307,0.00068152520309811,0.0019347443994529822,-0.003110573819829735,0.004473624226025956,0.0005419568071096652
56,0.001027119609558729,0.001125794356298864,-0.0011794373287870442,0.003233676547904502,0.00038144940842928157,0.011854359810343842,0.0007150903470662122,0.010452782730094066,0.013255936890593619,-0.0008963517688980356,-0.0011969055457626695,0.0019347443994529822,-0.004989004568690515,0.0025951934771651754,0.0010097179572555904
57,0.00954554551298052,0.001125794356298864,0.007338988574634747,0.011752102451326293,0.0012624828550489714,-0.004247833342268557,0.0007150903470662122,-0.0056494104225183325,-0.002846256262018781,-1.5986572475895633e-05,-0.0023642150476898016,0.0019347443994529822,-0.006156314070617647,0.0014278839752380435,0.001778515452656153
58,0.007170830293362894,0.001125794356298864,0.0049642733550171216,0.009377387231708667,-0.0005428581547192541,-0.0069073517776464775,0.0007150903470662122,-0.008308928857896254,-0.005505774697396702,9.912381527752388e-05,-0.00024315619642030744,0.0019347443994529822,-0.004035255219348152,0.0035489428265075376,0.0008833403302023372
59,0.0006516499918852352,0.001125794356298864,-0.001554906946460538,0.0028582069302310084,0.00019243688879878526,-0.018830307171925957,0.0007150903470662122,-0.020231884252175734,-0.01742873009167618,0.00039209810941354464,-0.0003250370484201307,0.0019347443994529822,-0.004117136071347976,0.0034670619745077146,-0.0009338893281703666
60,-0.012607531064637087,0.001125794356298864,-0.01481408800298286,-0.010400974126291315,-0.0006105540992269141,-0.013473849335980805,0.0007150903470662122,-0.014875426416230582,-0.012072272255731029,-0.0001526267264107574,0.002696157437712531,0.0019347443994529822,-0.0010959415852153142,0.006488256460640376,-0.0006697118297538133
61,0.006555096220137438,0.001125794356298864,0.004348539281791665,0.00876165315848321,0.0011214481970755023,-0.011512425559678505,0.0007150903470662122,-0.012914002639928281,-0.010110848479428728,0.00027845294389531976,-0.0007434404589484322,0.0019347443994529822,-0.0045355394818762775,0.0030486585639794127,-0.001627379712179779
62,0.0043953883506064806,0.001125794356298864,0.0021888314122607074,0.006601945288952254,-0.000382199534550676,0.0038053920997812418,0.0007150903470662122,0.002403815019531466,0.0052069691800310175,0.0006021928816996669,0.0032003466058220997,0.0019347443994529822,-0.0005917524171057454,0.006992445628749944,-0.0006646889133664117
63,0.0008689950474715562,0.001125794356298864,-0.001337561890874217,0.0030755519858173294,-0.0002731562280538103,-0.003951281404381486,0.0007150903470662122,-0.005352858484631262,-0.00254970432413171,-0.0001645530671557315,0.002610909633542685,0.0019347443994529822,-0.00118118938938516,0.006403008656470531,0.0026066299064394865
64,-0.004551947804686261,0.001125794356298864,-0.006758504743032034,-0.0023453908663404878,-0.0007696128891423715,0.007603565563307689,0.0007150903470662122,0.006201988483057913,0.009005142643557465,0.00015336006905295168,-0.001673134918417495,0.0019347443994529822,-0.00546523394134534,0.00211896410451035,0.0026759646877793255
65,-0.015781970541825598,0.001125794356298864,-0.017988527480171372,-0.013575413603479825,0.002234415582698157,-0.01915118643027065,0.0007150903470662122,-0.020552763510520426,-0.017749609350020873,-0.0008115377129097323,-0.0020201538405610784,0.0019347443994529822,-0.005812252863488923,0.0017719451823667667,0.0004893700820387792
66,-0.006414217588641276,0.001125794356298864,-0.008620774526987049,-0.004207660650295503,0.00034557755210718084,-0.012310337721495035,0.0007150903470662122,-0.013711914801744812,-0.010908760641245258,0.0003902131829323606,-0.004631979675186833,0.0019347443994529822,-0.008424078698114679,-0.000839880652258988,-0.00044491446121484174
67,-0.007936774890974498,0.001125794356298864,-0.01014333182932027,-0.005730217952628725,-0.0011160255762801127,-0.006527722359817714,0.0007150903470662122,-0.00792929944006749,-0.005126145279567939,-0.00028268247389626796,-0.0021693938205434036,0.0019347443994529822,-0.005961492843471248,0.0016227052023844416,-0.0017087381807202417
68,-0.006048383589723235,0.001125794356298864,-0.008254940528069007,-0.0038418266513774615,-0.0008075791606305567,-0.013206137720339054,0.0007150903470662122,-0.014607714800588829,-0.011804560640089279,0.00025007262244038965,-0.0011295508266622955,0.0019347443994529822,-0.004921649849590141,0.0026625481962655496,-0.0013153220481220847
69,0.009624623306806402,0.001125794356298864,0.007418066368460629,0.011831180245152175,-0.0008835119827278783,-0.014719117453843682,0.0007150903470662122,-0.01612069453409346,-0.013317540373593905,0.0006638018637860413,-0.00011910676014035524,0.0019347443994529822,-0.003911205783068201,0.00367299226278749,-0.0006591131041334894
70,0.009186738387270191,0.001125794356298864,0.006980181448924419,0.011393295325615964,0.0002681760172542052,-0.007527274960381445,0.0007150903470662122,-0.008928852040631222,-0.006125697880131669,0.000752606226107207,-0.005801137011899419,0.0019347443994529822,-0.009593236034827264,-0.0020090379889715743,0.00034401401333147754
71,0.01854665195984715,0.001125794356298864,0.016340095021501376,0.020753208898192925,0.002207115681184063,-0.014330473292802562,0.0007150903470662122,-0.015732050373052336,-0.012928896212552787,-0.0009003482165490084,-0.0016011726585093448,0.0019347443994529822,-0.0053932716814371895,0.0021909263644185003,0.002143081545250373
72,-0.007336254456219547,0.001125794356298864,-0.00954281139456532,-0.005129697517873774,0.0005587369867242203,-0.019403857636892043,0.0007150903470662122,-0.02080543471714182,-0.018002280556642266,-0.0009778191329985406,-0.00279622637114268,0.0019347443994529822,-0.006588325394070525,0.000995872651785165,0.0033696580072213812
73,-0.009892252470278695,0.001125794356298864,-0.012098809408624468,-0.007685695531932922,-0.0006255296650239731,-0.004728797454011463,0.0007150903470662122,-0.006130374534261239,-0.003327220373761687,-0.0006166005279038406,-0.002062001136452052,0.0019347443994529822,-0.005854100159379897,0.0017300978864757933,0.0009493069875456729
74,-0.0067649312657909935,0.001125794356298864,-0.008971488204136766,-0.004558374327445221,-0.0005959997317863302,-2.6109489048480386e-05,0.0007150903470662122,-0.0014276865692982562,0.0013754675912012954,-0.00034702497182323086,0.0006959961319209834,0.0019347443994529822,-0.003096102891006862,0.004488095154848828,0.000259973344894376
75,-0.0029170586800963023,0.001125794356298864,-0.005123615618442075,-0.0007105017417505292,0.0002993179646786576,0.004777143897237172,0.0007150903470662122,0.003375566816987396,0.006178720977486948,-0.0007549428622399511,0.0004501570104602174,0.0019347443994529822,-0.0033419420124676277,0.004242256033388063,0.002617594791758781
76,0.001782527229820613,0.001125794356298864,-0.00042402970852516023,0.003989084168166386,-0.0008685863569810152,-0.005008223620058264,0.0007150903470662122,-0.00640980070030804,-0.0036066465398084885,-0.00032048822273681235,-0.0008579616856904065,0.0019347443994529822,-0.004650060708618252,0.0029341373372374384,0.0003684732475777103
77,-0.02396016738926272,0.001125794356298864,-0.026166724327608495,-0.021753610450916946,-0.0015918033389713884,-0.00553706053020517,0.0007150903470662122,-0.006938637610454945,-0.004135483449955394,0.0020791202683580748,-0.0008768021284417464,0.0019347443994529822,-0.004668901151369592,0.002915296894486099,-0.0016361389536783109
78,-0.02109427229045001,0.001125794356298864,-0.023300829228795783,-0.018887715352104234,-0.0008310309780630021,-0.014926698281247364,0.0007150903470662122,-0.01632827536149714,-0.013525121200997588,0.0007353834769188508,0.0005262537117361119,0.0019347443994529822,-0.0032658453111917333,0.004318352734663957,-0.0017615651892351125
79,-0.03121721923497458,0.001125794356298864,-0.03342377617332035,-0.029010662296628804,-0.0008795392722874482,-0.011550873902130967,0.0007150903470662122,-0.012952450982380743,-0.01014929682188119,-0.0008513153190956007,0.0013419154538913693,0.0019347443994529822,-0.002450183569036476,0.005134014476819214,0.0006770885550645897
80,-0.026981527756068137,0.001125794356298864,-0.02918808469441391,-0.024774970817722362,0.001776356409258474,0.004626775536311594,0.0007150903470662122,0.003225198456061818,0.0060283526165613695,1.2077056063446515e-06,-0.0010727500858755644,0.0019347443994529822,-0.00486484910880341,0.0027193489370522807,0.0012090393237043947
81,-0.00904889216027547,0.001125794356298864,-0.011255449098621242,-0.006842335221929697,0.0009823532823314586,0.015384232064232145,0.0007150903470662122,0.013982654983982368,0.01678580914448192,0.0009763736364507593,0.0008671387285070177,0.0019347443994529822,-0.0029249602944208274,0.004659237751434862,0.0012565804068400336
82,-0.0025596216124445263,0.001125794356298864,-0.0047661785507903,-0.0003530646740987531,0.0010851199385539566,-0.00023583022704536105,0.0007150903470662122,-0.0016374073072951368,0.0011657468532044147,-9.675908718761745e-05,-0.0015189556774025928,0.0019347443994529822,-0.005311054700330438,0.0022731433455252525,0.0006556781623017858
83,0.0014153494324710028,0.001125794356298864,-0.0007912075058747704,0.003621906370816776,-0.0009176288516919403,0.004498242292296663,0.0007150903470662122,0.003096665212046887,0.005899819372546439,0.0014499097851365535,0.0008478555155591723,0.0019347443994529822,-0.0029442435073686727,0.004639954538487017,-0.0009910118817398135
84,-0.0007937602805590559,0.001125794356298864,-0.003000317218904829,0.0014127966577867173,0.00024492769815083796,0.007313454453201109,0.0007150903470662122,0.005911877372951333,0.008715031533450886,-0.0007362052323715632,-0.0002594609074658446,0.0019347443994529822,-0.00405155993039369,0.0035326381154620005,0.001925579700779168
85,0.005986220719341666,0.001125794356298864,0.0037796637809958925,0.00819277765768744,-9.436291377643794e-05,0.011454166109387705,0.0007150903470662122,0.010052589029137929,0.012855743189637482,0.0006230084337474177,-0.0008132298965403363,0.0019347443994529822,-0.004605328919468181,0.002978869126387509,-0.0018281312392307769
86,-0.0035162740588798418,0.001125794356298864,-0.0057228309972256145,-0.0013097171205340686,-0.00021398641719116377,-0.006180463671742062,0.0007150903470662122,-0.007582040751991838,-0.004778886591492286,-4.614939002900269e-05,-0.0010222002237953312,0.0019347443994529822,-0.004814299246723176,0.002769898799132514,-0.0007100781320760686
87,-0.0031316420546621125,0.001125794356298864,-0.005338198993007886,-0.0009250851163163393,-0.0011066557025080927,0.0083991755393704,0.0007150903470662122,0.006997598459120625,0.009800752619620177,0.000676965552924365,0.0007662670800929914,0.0019347443994529822,-0.0030258319428348537,0.004558366103020836,-0.001353407356197081
88,-0.0008034466296288772,0.001125794356298864,-0.0030100035679746506,0.001403110308716896,-0.0006349352937691692,-0.019910154790499783,0.0007150903470662122,-0.02131173187074956,-0.018508577710250006,0.0021297897416548417,0.0009273608976407509,0.0019347443994529822,-0.0028647381252870944,0.004719459920568596,-0.005249590529490947
89,0.013901930540672024,0.001125794356298864,0.011695373602326252,0.0161084874790178,-0.0015898823630088477,-0.0038916347744995658,0.0007150903470662122,-0.0052932118547493415,-0.00249005769424979,0.0013590010072541871,0.00255349940999529,0.0019347443994529822,-0.001238599612932555,0.006345598432923136,-0.0025755112785774753
90,0.016467960378298778,0.001125794356298864,0.014261403439953005,0.018674517316644552,0.002089881877536847,-0.0006461472769200096,0.0007150903470662122,-0.0020477243571697854,0.0007554298033297662,-3.9754984017810295e-05,0.0014873906252884793,0.0019347443994529822,-0.002304708397639366,0.005279489648216324,-0.0012160850546382895
91,0.006033721002176428,0.001125794356298864,0.003827164063830655,0.0082402779405222,-0.00043944587592506697,0.018633682253718812,0.0007150903470662122,0.017232105173469035,0.02003525933396859,-0.0004393100669408054,-0.0024457109503574024,0.0019347443994529822,-0.006237809973285248,0.0013463880725704427,-0.0007180849931999003
92,0.008449217709641757,0.001125794356298864,0.006242660771295984,0.01065577464798753,-0.0002247787137932781,-0.008948744330063785,0.0007150903470662122,-0.01035032141031356,-0.007547167249814009,0.001029841854664374,-0.003361421732183848,0.0019347443994529822,-0.007153520755111694,0.000430677290743997,-0.0038958382660081127
93,0.012878649672840373,0.001125794356298864,0.0106720927344946,0.015085206611186145,0.00048491474643945487,-0.017602004520606774,0.0007150903470662122,-0.01900358160085655,-0.016200427440356997,-0.0003255896118260562,0.002043330788887717,0.0019347443994529822,-0.001748768234040128,0.005835429811815562,-0.0025772472474608313
94,0.012878477788855786,0.001125794356298864,0.010671920850510013,0.015085034727201558,0.00045323621795254933,0.008154174761572099,0.0007150903470662122,0.006752597681322323,0.009555751841821874,0.0009226690809501954,0.0019952680918330083,0.0019347443994529822,-0.0017968309310948368,0.0057873671147608535,-0.0023410734066040763
95,-0.0025093698713823977,0.001125794356298864,-0.00471592680972817,-0.0003028129330366245,-0.002213739780531184,-0.0016059425257674868,0.0007150903470662122,-0.0030075196060172626,-0.00020436544551771102,0.0017882133225460683,0.00019334227774834819,0.0019347443994529822,-0.003598756745179497,0.003985441300676193,-0.005347768289818753
96,-0.020015600725070186,0.001125794356298864,-0.02222215766341596,-0.01780904378672441,-0.0024023593322235887,0.01938685788537856,0.0007150903470662122,0.017985280805128782,0.020788434965628336,0.00034718135812879594,0.002171093113485731,0.0019347443994529822,-0.001621005909442114,0.005963192136413576,-0.0031405007508136596
97,-0.014102555975246182,0.001125794356298864,-0.016309112913591956,-0.011895999036900409,0.00019328224206965894,0.006655588449821401,0.0007150903470662122,0.005254011369571625,0.008057165530071176,0.0011441389927573289,0.0049473377347898405,0.0019347443994529822,0.0011552387118619954,0.008739436757717685,-0.0009182403153815905
98,-0.02755750486243421,0.001125794356298864,-0.029764061800779985,-0.025350947924088436,0.0024545415597685347,0.00968306290394633,0.0007150903470662122,0.008281485823696554,0.011084639984196107,-0.0010980134272946755,0.0002758618482060723,0.0019347443994529822,-0.003516237174721773,0.004067960871133917,0.0024365667478684406
99,-0.01607456742684213,0.001125794356298864,-0.018281124365187904,-0.013868010488496356,-0.00020693190137260203,0.012638393858959679,0.0007150903470662122,0.011236816778709902,0.014039970939209456,0.0007960592026313162,0.0009678280509373481,0.0019347443994529822,-0.002824270971990497,0.004759927073865193,0.0026072589829749396
100,-0.02120900996276711,0.001125794356298864,-0.023415566901112884,-0.019002453024421335,-0.0016473688893000257,0.001369549071953199,0.0007150903470662122,-3.2028008296576885e-05,0.0027711261522029747,0.0007779648442325067,-0.001273494904781697,0.0019347443994529822,-0.005065593927709542,0.002518604118146148,-0.0015401826474712786
101,-0.01267526139409985,0.001125794356298864,-0.014881818332445623,-0.010468704455754077,0.000115619715543221,-0.004423696229417849,0.0007150903470662122,-0.005825273309667625,-0.003022119149168073,0.00026196996524607136,0.00014183140400387238,0.0019347443994529822,-0.003650267618923973,0.003933930426931718,-0.0005092472211869839
102,-0.006375417120300206,0.001125794356298864,-0.00858197405864598,-0.004168860181954432,0.0010110191944659183,0.011779231798187167,0.0007150903470662122,0.01037765471793739,0.013180808878436943,0.000451382589647914,-0.001853091064584166,0.0019347443994529822,-0.005645190087512011,0.0019390079583436791,-0.0003083017489959551
103,-0.005544001145371083,0.001125794356298864,-0.007750558083716856,-0.00333744420702531,-0.0011761049394249847,-0.009556013334596944,0.0007150903470662122,-0.01095759041484672,-0.00815443625434717,0.00018952846727706384,-0.0004174512252247968,0.0019347443994529822,-0.004209550248152642,0.0033746477977030483,-0.0017580738109234482
104,-0.017963091425951278,0.001125794356298864,-0.020169648364297053,-0.015756534487605504,-0.001617624392143975,-0.0076409028810335445,0.0007150903470662122,-0.00904247996128332,-0.006239325800783769,-0.0006590972022210489,0.0017970955840557687,0.0019347443994529822,-0.0019950034388720762,0.005589194606983614,-0.00019513933595652583
105,-0.012633543607562485,0.001125794356298864,-0.014840100545908258,-0.010426986669216712,0.0011899982286671905,-0.01273883753453164,0.0007150903470662122,-0.014140414614781417,-0.011337260454281864,-9.718541396205871e-05,-0.0007104412679336726,0.0019347443994529822,-0.004502540290861517,0.0030816577549941724,0.000724138246078861
106,-0.00436605608518567,0.001125794356298864,-0.006572613023531444,-0.002159499146839897,-0.0016191993565318726,0.0020918630595338165,0.0007150903470662122,0.0006902859792840407,0.0034934401397835923,-2.869340828351788e-05,-0.003144939118453912,0.0019347443994529822,-0.0069370381413817565,0.0006471599044739333,-0.00022250835228116318
107,0.019074506963769142,0.001125794356298864,0.016867950025423368,0.021281063902114917,0.0012919114442760116,-0.005137745751378956,0.0007150903470662122,-0.006539322831628731,-0.00373616867112918,0.00025818020101699667,-0.0019549943868879868,0.0019347443994529822,-0.005747093409815832,0.0018371046360398584,-0.00016678730073611033
108,0.01802014081181961,0.001125794356298864,0.015813583873473834,0.020226697750165383,-0.0010522895031494645,0.0010013721269796507,0.0007150903470662122,-0.0004002049532701251,0.0024029492072294265,-1.5560737599025227e-05,-0.001970962896218466,0.0019347443994529822,-0.005763061919146311,0.0018211361267093792,-0.0015306724254618047
109,0.0064084343289972,0.001125794356298864,0.004201877390651428,0.008614991267342973,0.0008145730078749115,0.0050795466471557004,0.0007150903470662122,0.0036779695669059247,0.006481123727405476,-0.0006615605934603194,-0.0027621908609588193,0.0019347443994529822,-0.006554289883886665,0.0010299081619690258,0.00010555886812312803
110,-0.00194161725524931,0.001125794356298864,-0.004148174193595084,0.00026493968309646313,0.002321702305638415,-0.00963462995700675,0.0007150903470662122,-0.011036207037256527,-0.008233052876756974,0.000695798599328239,-0.002252436904630601,0.0019347443994529822,-0.006044535927558446,0.0015396621182972442,0.000780900670270149
111,-0.004417431410284413,0.001125794356298864,-0.006623988348630186,-0.0022108744719386395,0.00042392575994304026,-0.006385478089793283,0.0007150903470662122,-0.007787055170043059,-0.004983901009543507,-0.000952499918743647,-0.0007120285031294857,0.0019347443994529822,-0.004504127526057331,0.0030800705197983596,0.0021534429133650565
112,0.0030874498235293657,0.001125794356298864,0.0008808928851835925,0.005294006761875139,0.0007232107563938952,0.001880897769221027,0.0007150903470662122,0.00047932068897125124,0.003282474849470803,-9.12781794677694e-05,-0.0001943330693582418,0.0019347443994529822,-0.003986432092286087,0.0035977659535696032,0.0006249095075163034
113,0.0013790150441426207,0.001125794356298864,-0.0008275418942031525,0.0035855719824883937,0.0006483326060388941,-0.02268957072470012,0.0007150903470662122,-0.024091147804949895,-0.021287993644450342,0.00038426198594328567,0.0011009359779750485,0.0019347443994529822,-0.0026911630449527966,0.004893035000902894,-0.00022791307659411554
114,-0.008925070063791044,0.001125794356298864,-0.011131627002136817,-0.006718513125445271,1.0448024020441593e-05,-0.01552920890328708,0.0007150903470662122,-0.016930785983536856,-0.014127631823037303,0.0006955125524952845,0.0014838852789030971,0.0019347443994529822,-0.002308213744024748,0.005275984301830942,0.000883361400292669
115,-0.004215051186697795,0.001125794356298864,-0.006421608125043568,-0.002008494248352022,0.0004602100189691795,-0.010913839467176976,0.0007150903470662122,-0.012315416547426752,-0.009512262386927199,0.000222338941956432,0.0013817133398264948,0.0019347443994529822,-0.0024103856831013504,0.00517381236275434,0.0005110325770578954
116,-0.0046002771483930355,0.001125794356298864,-0.006806834086738808,-0.0023937202100472624,0.0024549200410487445,-0.021224810454462853,0.0007150903470662122,-0.02262638753471263,-0.019823233374213076,-0.0017067646464364733,0.001126590402344572,0.0019347443994529822,-0.002665508620583273,0.004918689425272417,0.002462425365019635
117,-0.015640420115848305,0.001125794356298864,-0.01784697705419408,-0.013433863177502533,0.0012788681749313323,-0.030437264945160872,0.0007150903470662122,-0.031838842025410645,-0.029035687864911095,-0.001802589985412776,0.0030919124261724064,0.0019347443994529822,-0.0007001865967554387,0.0068840114491002516,0.004113011427727228
118,-0.008024812092056672,0.001125794356298864,-0.010231369030402445,-0.0058182551537108995,0.0011135050086650364,-0.015132633753994084,0.0007150903470662122,-0.01653421083424386,-0.013731056673744309,0.0009482173866301787,-0.0017805718217421488,0.0019347443994529822,-0.005572670844669994,0.0020115272011856965,0.0019860596156392853
119,-0.013499812495764412,0.001125794356298864,-0.015706369434110187,-0.01129325555741864,-0.0009846995058427656,-0.004160581375769736,0.0007150903470662122,-0.005562158456019511,-0.00275900429551996,0.00012859304472651826,-0.00419993036555757,0.0019347443994529822,-0.007992029388485415,-0.0004078313426297245,0.001729588549553589
120,-0.019562557586790243,0.001125794356298864,-0.021769114525136017,-0.017356000648444468,0.0004459432223087312,-0.0075756693563680255,0.0007150903470662122,-0.008977246436617802,-0.00617409227611825,-3.237012725979763e-05,-0.005092739806955206,0.0019347443994529822,-0.008884838829883052,-0.0013006407840273613,0.0016193063066943323
121,-0.022497337530625366,0.001125794356298864,-0.02470389446897114,-0.02029078059227959,-0.0007073370049018694,-0.025386805115063246,0.0007150903470662122,-0.026788382195313022,-0.02398522803481347,-0.001972143338311829,-0.002959994617378474,0.0019347443994529822,-0.006752093640306319,0.0008321044055493712,0.003239958982041527
122,-0.010570653275686688,0.001125794356298864,-0.01277721021403246,-0.008364096337340915,-0.00017729043402298778,0.018675582133081056,0.0007150903470662122,0.01727400505283128,0.020077159213330833,0.00023906500050417667,-0.001857079466569191,0.0019347443994529822,-0.005649178489497036,0.001935019556358654,0.0023288264399664456
123,5.528106668776199e-05,0.001125794356298864,-0.002151275871658011,0.002261838005033535,-0.0005833832134561137,-0.002488268407371347,0.0007150903470662122,-0.0038898454876211226,-0.001086691327121571,-9.934648192226093e-05,-0.0029769768379914203,0.0019347443994529822,-0.006769075860919266,0.0008151221849364248,-0.00012133616640882866
124,-0.0010776654735541469,0.001125794356298864,-0.0032842224118999203,0.0011288914647916263,-0.00041287242072174976,-0.005671270665078443,0.0007150903470662122,-0.007072847745328219,-0.004269693584828667,0.0004888529416568321,-0.0024936564262740095,0.0019347443994529822,-0.006285755449201855,0.0012984425966538356,-0.0024767555989532015
125,0.005098329145322159,0.001125794356298864,0.002891772206976386,0.007304886083667932,-0.0010294532287631053,-0.0032099213121530874,0.0007150903470662122,-0.004611498392402863,-0.0018083442319033116,0.0005670133252823374,-0.004253926271419106,0.0019347443994529822,-0.008046025294346951,-0.0004618272484912607,-0.0018632892898729058
126,-0.0007439133404862925,0.001125794356298864,-0.0029504702788320657,0.0014626435978594807,-0.0006354200267519204,-0.003178630687007759,0.0007150903470662122,-0.004580207767257535,-0.001777053606757983,0.00023230044706196943,-0.0025696248142363957,0.0019347443994529822,-0.00636172383716424,0.0012224742086914494,0.0002069700808402762
127,-0.0008854112223242627,0.001125794356298864,-0.003091968160670036,0.0013211457160215104,-0.001109695043091071,-0.002015760823441943,0.0007150903470662122,-0.0034173379036917186,-0.000614183743192167,0.0003237559468995425,-0.0005798362841996416,0.0019347443994529822,-0.004371935307127487,0.0032122627387282036,0.000326669412955043
128,-0.004668949553338872,0.001125794356298864,-0.006875506491684644,-0.0024623926149930984,-0.001550176211341566,0.004990815339415957,0.0007150903470662122,0.0035892382591661814,0.006392392419665733,0.0007847963831083887,-0.0009435656506538344,0.0019347443994529822,-0.00473566467358168,0.0028485333722740105,-0.004240686528874674
129,-0.01011799059980713,0.001125794356298864,-0.012324547538152902,-0.007911433661461357,-0.0009574432939224043,0.010761025387304068,0.0007150903470662122,0.009359448307054291,0.012162602467553844,0.00099063476141149,-0.0014187271102355284,0.0019347443994529822,-0.0052108261331633736,0.0023733719126923167,-0.0010276997592249025
130,-0.007701005228123515,0.001125794356298864,-0.009907562166469288,-0.0054944482897777425,9.720179581979623e-05,-0.014647104377848484,0.0007150903470662122,-0.01604868145809826,-0.01324552729759871,-3.262540911675403e-05,0.000829351298520084,0.0019347443994529822,-0.002962747724407761,0.004621450321447929,0.0007973098529402238
131,-0.021183997068821576,0.001125794356298864,-0.02339055400716735,-0.018977440130475802,-0.0007505615212975401,-0.023673979847180258,0.0007150903470662122,-0.025075556927430034,-0.02227240276693048,0.00044361168730408865,-0.0006147164772668586,0.0019347443994529822,-0.004406815500194704,0.0031773825456609863,6.609475743918195e-06
132,0.0034555563307950357,0.001125794356298864,0.0012489993924492625,0.0056621132691408085,0.0009574232971956351,-0.020316707490726782,0.0007150903470662122,-0.02171828457097656,-0.018915130410477005,-0.0006957808429072163,0.00025852854311678196,0.0019347443994529822,-0.003533570479811063,0.004050627566044627,0.003197623210546585
133,0.008867154638256259,0.001125794356298864,0.006660597699910486,0.011073711576602032,0.0021859491263314483,-0.005070698497368042,0.0007150903470662122,-0.006472275577617818,-0.003669121417118266,-0.0017205606617462605,-0.002070435799282596,0.0019347443994529822,-0.005862534822210441,0.001721663223645249,0.004295320545422976
134,0.02019469939418451,0.001125794356298864,0.017988142455838737,0.022401256332530286,0.0027374729597219316,-0.013966666432520789,0.0007150903470662122,-0.015368243512770566,-0.012565089352271012,-0.002446714292410789,-0.005463490058833964,0.0019347443994529822,-0.009255589081761809,-0.0016713910359061192,0.003145305096165017
135,0.01473724954601857,0.001125794356298864,0.012530692607672797,0.016943806484364343,0.0014554133628736886,-0.003164021861845969,0.0007150903470662122,-0.004565598942095745,-0.0017624447815961933,-0.0012869330510078053,-0.0024370699064681415,0.0019347443994529822,-0.006229168929395987,0.0013550291164597036,0.0030779013091381635
136,0.010795532720262303,0.001125794356298864,0.00858897578191653,0.013002089658608076,0.001031395672564715,0.015810566903679824,0.0007150903470662122,0.014408989823430047,0.0172121439839296,-0.0003306226543211589,-0.003922099589878744,0.0019347443994529822,-0.007714198612806589,-0.0001300005669508989,0.0003241912299887049
137,0.010694075099923754,0.001125794356298864,0.008487518161577981,0.012900632038269527,0.000575730297738157,0.016182415550029194,0.0007150903470662122,0.014780838469779418,0.01758399263027897,-0.00027142248938725674,-0.002462862825141897,0.0019347443994529822,-0.006254961848069743,0.001329236197785948,0.0009688289954966171
138,0.0028543150726687387,0.001125794356298864,0.0006477581343229655,0.0050608720110145115,0.0017903787997157897,0.0003718476417881077,0.0007150903470662122,-0.001029729438461668,0.0017734247220378835,-0.00033919205420159665,-0.0005132496041434398,0.0019347443994529822,-0.004305348627071285,0.003278849418784405,0.002834567571753429
139,-0.0061306335795252315,0.001125794356298864,-0.008337190517871004,-0.003924076641179459,0.0013292669443292736,-0.0024839056677151768,0.0007150903470662122,-0.0038854827479649526,-0.001082328587465401,-0.002055168311369779,-0.00024282257413621382,0.0019347443994529822,-0.004034921597064059,0.003549276448791631,0.005456732462301209
140,0.0042175593516865974,0.001125794356298864,0.0020110024133408243,0.00642411629003237,7.391959797390345e-05,0.0055465721518700535,0.0007150903470662122,0.004144995071620278,0.006948149232119829,-0.00021904412365734115,-0.004613974911914419,0.0019347443994529822,-0.008406073934842264,-0.0008218758889865737,0.0011245663716337138
141,0.0032511840470729947,0.001125794356298864,0.0010446271087272215,0.005457740985418768,-0.00013317061997505627,-0.0005445109692764536,0.0007150903470662122,-0.0019460880495262294,0.0008570661109733222,0.0004225672536689465,-0.0006874925501210926,0.0019347443994529822,-0.004479591573048938,0.0031046064728067523,0.0002968536610282184
142,0.0019899843777848305,0.001125794356298864,-0.00021657256056094266,0.004196541316130604,0.0004648223930439632,-0.0044682790012546166,0.0007150903470662122,-0.005869856081504392,-0.0030667019210048408,-0.00022173719756078594,0.001733130147384336,0.0019347443994529822,-0.0020589688755435092,0.005525229170312181,-8.437434509749606e-05
143,-0.0075971239268194145,0.001125794356298864,-0.009803680865165188,-0.005390566988473641,-0.0015536176497732961,-0.0037627506371882107,0.0007150903470662122,-0.005164327717437986,-0.002361173556938435,-0.0004199052180278197,0.0036710313604513332,0.0019347443994529822,-0.00012106766247651189,0.007463130383379178,-0.00021246504024154253
144,-0.01689214339350821,0.001125794356298864,-0.019098700331853985,-0.014685586455162438,0.0008143932589506006,-0.009244419617835103,0.0007150903470662122,-0.01064599669808488,-0.007842842537585326,-0.0005371210477027408,0.002641808298802268,0.0019347443994529822,-0.0011502907241255772,0.006433907321730113,0.0015750608427671175
145,0.008908510567550808,0.001125794356298864,0.006701953629205035,0.011115067505896581,-0.0017469868534625912,0.003071521220635461,0.0007150903470662122,0.0016699441403856853,0.004473098300885237,0.0004565680790793031,0.0019258350082344967,0.0019347443994529822,-0.0018662640146933484,0.005717934031162342,-0.001935147528382872
146,0.010910860387218828,0.001125794356298864,0.008704303448873055,0.0131174173255646,0.0013029518259163667,-0.003761717904508483,0.0007150903470662122,-0.005163294984758258,-0.002360140824258707,0.00019975713366648115,0.002771410040237325,0.0019347443994529822,-0.0010206889826905202,0.00656350906316517,-0.0010238962909371154
147,0.020085419620296235,0.001125794356298864,0.01787886268195046,0.02229197655864201,0.0008420495645998748,-0.006516401846497747,0.0007150903470662122,-0.007917978926747522,-0.005114824766247971,-3.888282457925954e-05,0.0024427101255380668,0.0019347443994529822,-0.0013493888973897783,0.006234809148465912,-0.0005523954247565912
148,0.0272016040996552,0.001125794356298864,0.024995047161309427,0.029408161038000976,-0.0007739258052343774,-0.00017817136051372648,0.0007150903470662122,-0.0015797484407635023,0.0012234057197360493,1.9465596574053372e-05,0.0012805617505654914,0.0019347443994529822,-0.0025115372723623535,0.005072660773493337,0.00027808916083811304
149,0.005292213332071766,0.001125794356298864,0.003085656393725993,0.007498770270417539,-0.0003216686765717576,0.006087894105669318,0.0007150903470662122,0.004686317025419542,0.007489471185919094,-0.00013996554202704535,0.0036177832160743917,0.0019347443994529822,-0.00017431580685345338,0.007409882239002237,0.0018916141239052136
150,-0.0005382039523658122,0.001125794356298864,-0.0027447608907115854,0.001668352985979961,-0.0005256920159576392,0.0006785968195856533,0.0007150903470662122,-0.0007229802606641225,0.002080173899835429,-0.00036001912630540976,-0.0015876875066484278,0.0019347443994529822,-0.005379786529576273,0.0022044115162794175,0.0014757638134880581
151,0.007173516821369167,0.001125794356298864,0.004966959883023394,0.00938007375971494,8.505695648906679e-05,0.0028163584312609763,0.0007150903470662122,0.0014147813510112005,0.004217935511510752,-0.000132281953852547,-0.0032978306206245664,0.0019347443994529822,-0.007089929643552411,0.0004942684023032788,0.0004560723589141437
152,0.018868240876977086,0.001125794356298864,0.01666168393863131,0.02107479781532286,0.000404921829017274,0.005463487003602819,0.0007150903470662122,0.004061909923353043,0.006865064083852595,-0.00013968832566500777,-0.002468755416195219,0.0019347443994529822,-0.006260854439123064,0.0013233436067326262,-6.071627908215034e-05
153,0.03571820124747254,0.001125794356298864,0.033511644309126766,0.037924758185818315,-0.0018296193989481846,0.020465810820848473,0.0007150903470662122,0.019064233740598697,0.02186738790109825,0.0017862219347097447,-0.0027260557310506946,0.0019347443994529822,-0.006518154753978539,0.0010660432918771505,-0.0037823961566084184
154,0.01510603627768556,0.001125794356298864,0.012899479339339787,0.017312593216031333,-0.0003361474580289431,0.0035982695609215196,0.0007150903470662122,0.002196692480671744,0.004999846641171295,-0.0003070637311802602,-0.0013926091932979436,0.0019347443994529822,-0.005184708216225789,0.0023994898296299015,-0.0010178386580121878
155,0.0029443750251885985,0.001125794356298864,0.0007378180868428254,0.005150931963534371,-0.0008937567956662333,0.0034817868244767453,0.0007150903470662122,0.0020802097442269695,0.004883363904726521,0.0011194275055219842,-0.0025281773614071134,0.0019347443994529822,-0.0063202763843349585,0.0012639216615207317,-0.0030721374727619524
156,0.008136683214089734,0.001125794356298864,0.0059301262757439615,0.010343240152435507,0.000754633097782305,0.006489424931777274,0.0007150903470662122,0.005087847851527498,0.00789100201202705,-0.00042901335530935725,-0.003479355965411479,0.0019347443994529822,-0.007271454988339324,0.0003127430575163661,-0.0003563797068219525
157,0.008861709174859383,0.001125794356298864,0.00665515223651361,0.011068266113205156,0.00019316817460691624,-0.004602094401388576,0.0007150903470662122,-0.006003671481638352,-0.0032005173211388004,-5.6454533811513274e-05,-0.0017037700256332883,0.0019347443994529822,-0.005495869048561133,0.002088328997294557,-0.0005774625312827896
158,0.02324134930303191,0.001125794356298864,0.021034792364686136,0.025447906241377685,-0.000544121112021189,0.010136476624448403,0.0007150903470662122,0.008734899544198628,0.011538053704698178,-2.149916087088033e-06,-0.002263034024089972,0.0019347443994529822,-0.0060551330470178175,0.0015290649988378732,-0.0009052158978264876
159,0.019600058827429063,0.001125794356298864,0.01739350188908329,0.021806615765774837,0.0004605256544294098,0.019327366968042374,0.0007150903470662122,0.017925789887792597,0.02072894404829215,0.0006408495621188157,0.0012445648616055934,0.0019347443994529822,-0.0025475341613222517,0.005036663884533438,-0.0026082842767418913
160,0.019183622172571833,0.001125794356298864,0.016977065234226058,0.021390179110917607,-0.0013430600520878237,0.02061994266611651,0.0007150903470662122,0.019218365585866735,0.022021519746366288,0.0007790932707296,0.0003446255101077215,0.0019347443994529822,-0.0034474735128201235,0.004136724533035567,-0.0023739334485245564
161,0.02369467141032519,0.001125794356298864,0.021488114471979416,0.025901228348670965,0.0005815426048082287,0.006797566999463401,0.0007150903470662122,0.005395989919213625,0.008199144079713176,-0.00010064325363390303,0.0021196806514120516,0.0019347443994529822,-0.0016724183715157936,0.005911779674339897,-0.0009006217848874431
162,0.019523409732277758,0.001125794356298864,0.017316852793931983,0.021729966670623532,0.0013415514408101625,-0.0024275944753984957,0.0007150903470662122,-0.0038291715556482715,-0.00102601739514872,-0.0011064587569873333,0.0013683653480868038,0.0019347443994529822,-0.0024237336748410415,0.005160464371014649,0.0031960266062118796
163,0.010252577442773414,0.001125794356298864,0.008046020504427641,0.012459134381119187,8.990185788993257e-05,-0.0006772495540424694,0.0007150903470662122,-0.0020788266342922452,0.0007243275262073063,-0.00011249409708950038,0.0019860058167097154,0.0019347443994529822,-0.0018060932062181297,0.00577810483963756,0.0026182391976382812
164,0.021902526597583946,0.001125794356298864,0.01969596965923817,0.02410908353592972,0.00015462977680735096,-0.0031149825631556476,0.0007150903470662122,-0.004516559643405423,-0.0017134054829058719,0.0007060344811725093,-0.002012915884143934,0.0019347443994529822,-0.0058050149070717795,0.0017791831387839112,-0.0019068214487178961
165,0.009004289037400333,0.001125794356298864,0.0067977320990545605,0.011210845975746106,-0.0010599678253964077,0.011575595424816839,0.0007150903470662122,0.010174018344567062,0.012977172505066616,0.0010199046338469839,-0.000335076640502415,0.0019347443994529822,-0.00412717566343026,0.00345702238242543,-0.0054960148711509635
166,0.01909931248750978,0.001125794356298864,0.016892755549164005,0.021305869425855554,-0.00019001727766407642,0.004818975643378135,0.0007150903470662122,0.0034173985631283594,0.006220552723627911,0.0003688569791694858,-0.00012124633486778858,0.0019347443994529822,-0.003913345357795634,0.0036708526880600565,-0.0018359638301982165
167,0.009641615940149399,0.001125794356298864,0.007435059001803626,0.011848172878495171,-0.0004084175620942508,-0.0036395046075300037,0.0007150903470662122,-0.0050410816877797795,-0.002237927527280228,0.0010025022654608778,0.0001597691515610367,0.0019347443994529822,-0.0036323298713668082,0.0039518681744888816,-0.0018087267941436543
168,-0.003095837885530836,0.001125794356298864,-0.0053023948238766095,-0.0008892809471850627,-0.0007679184617325032,-0.0015475799546032646,0.0007150903470662122,-0.0029491570348530406,-0.0001460028743534888,-2.568424447010084e-05,-0.0015260476500359146,0.0019347443994529822,-0.0053181466729637595,0.0022660513728919307,-0.00165495635090153
169,0.007497927736700244,0.001125794356298864,0.005291370798354471,0.009704484675046017,-0.0025318063216600035,-0.0013506532161377683,0.0007150903470662122,-0.0027522302963875443,5.092386411200745e-05,0.0020684220554798034,-0.002199797321315315,0.0019347443994529822,-0.00599189634424316,0.0015923017016125302,-0.0032354335544505855
170,0.01635859591788453,0.001125794356298864,0.014152038979538756,0.018565152856230303,0.001460313307607479,-0.016120757195852153,0.0007150903470662122,-0.01752233427610193,-0.014719180115602377,-0.00023135362864444564,-0.0021817081247225067,0.0019347443994529822,-0.005973807147650351,0.0016103908982053384,0.0018235653529050508
171,0.0037433237218074643,0.001125794356298864,0.001536766783461691,0.005949880660153237,-0.0007140259542177821,-0.007634499076958802,0.0007150903470662122,-0.009036076157208577,-0.006232921996709026,-0.0010281717292365935,-0.0012186665737816157,0.0019347443994529822,-0.005010765596709461,0.0025734324491462294,0.0028243706799568314
172,0.015353850672597851,0.001125794356298864,0.013147293734252078,0.017560407610943626,-0.0009846595309094784,-0.013646382613832202,0.0007150903470662122,-0.015047959694081979,-0.012244805533582426,-8.712496700867892e-05,-0.0021733983791972613,0.0019347443994529822,-0.005965497402125106,0.0016187006437305839,1.426520819409029e-05
173,0.016170560059599624,0.001125794356298864,0.013964003121253852,0.0183771169979454,-0.0007682193571321716,-0.020163081887535517,0.0007150903470662122,-0.021564658967785293,-0.01876150480728574,-0.000525306339230952,-0.004522221131516858,0.0019347443994529822,-0.008314320154444704,-0.0007301221085890129,-0.001063747312380077
174,0.004755517375185949,0.001125794356298864,0.002548960436840176,0.006962074313531722,2.422221366603014e-05,0.01043558643823312,0.0007150903470662122,0.009034009357983343,0.011837163518482897,4.690340101377172e-05,-0.001394600307608838,0.0019347443994529822,-0.0051866993305366834,0.002397498715319007,-0.0010012215428583068
175,-0.009389803279435716,0.001125794356298864,-0.011596360217781489,-0.0071832463410899435,-0.0003894059796946403,0.006637669646720355,0.0007150903470662122,0.005236092566470579,0.00803924672697013,0.0010171627847398055,-0.0003471349835906591,0.0019347443994529822,-0.004139234006518504,0.003444964039337186,-0.0027486356027600816
176,-0.027392017510567895,0.001125794356298864,-0.02959857444891367,-0.02518546057222212,-8.682663422152417e-05,0.018318295129097786,0.0007150903470662122,0.01691671804884801,0.019719872209347563,-0.0002455415173097178,-0.001713130070761561,0.0019347443994529822,-0.005505229093689406,0.002078968952166284,-0.0003231033879628226
177,-0.018662207967240586,0.001125794356298864,-0.02086876490558636,-0.016455651028894812,0.0007960123345528355,-0.0011071584408236749,0.0007150903470662122,-0.0025087355210734507,0.0002944186394261009,-0.00031932965170954584,-0.00122754525298252,0.0019347443994529822,-0.005019644275910365,0.002564553769945325,0.0003179328900156
178,-0.02710698750837265,0.001125794356298864,-0.029313544446718423,-0.024900430570026874,0.000730823176720883,-0.020526076836058445,0.0007150903470662122,-0.021927653916308222,-0.01912449975580867,-0.0006914214676369858,-0.000795146423585672,0.0019347443994529822,-0.004587245446513517,0.002996952599342173,0.001084789492821376
179,-0.017083526364132365,0.001125794356298864,-0.01929008330247814,-0.014876969425786592,5.55362395662784e-05,-0.012600800228671601,0.0007150903470662122,-0.014002377308921378,-0.011199223148421825,-0.00022963998914464143,0.0016495666555151178,0.0019347443994529822,-0.0021425323674127274,0.005441665678442963,-0.0018497117995628738
180,-0.00979828569972128,0.001125794356298864,-0.012004842638067052,-0.007591728761375507,0.0015524672210820867,-0.0012399549469993137,0.0007150903470662122,-0.0026415320272490895,0.00016162213325046203,-5.947259678951416e-05,0.004157431146509918,0.0019347443994529822,0.0003653321235820733,0.007949530169437764,-0.0004034218929068927
181,-0.0012452474598127284,0.001125794356298864,-0.0034518043981585016,0.0009613094785330448,-0.00014257885970006285,-0.007020446329667459,0.0007150903470662122,-0.008422023409917235,-0.005618869249417683,1.9221469722426575e-05,0.004038868848067116,0.0019347443994529822,0.0002467698251392707,0.007830967870994961,0.0017590475829019838
182,-0.009245911517712892,0.001125794356298864,-0.011452468456058665,-0.00703935457936712,0.0012278800477607144,0.0006788856110014813,0.0007150903470662122,-0.0007226914692482944,0.002080462691251257,-0.0009236620848105822,0.0015529601812220204,0.0019347443994529822,-0.0022391388417058247,0.0053450592041498655,0.0018567560967999118
183,-0.014647738820406908,0.001125794356298864,-0.01685429575875268,-0.012441181882061135,0.0017491281275470501,0.007809143847631936,0.0007150903470662122,0.00640756676738216,0.009210720927881711,-0.0005049474816772818,-0.0006165800275517136,0.0019347443994529822,-0.0044086790504795585,0.0031755189953761318,0.0014043465333123028
184,-0.0027935761580766705,0.001125794356298864,-0.005000133096422443,-0.0005870192197308974,0.001095841904923579,-0.00019666963407199457,0.0007150903470662122,-0.0015982467143217704,0.0012049074461777812,7.80510653912627e-05,0.0007090149656508298,0.0019347443994529822,-0.0030830840572770154,0.004501113988578675,-0.00039037927523825823
185,-0.0021126577449786382,0.001125794356298864,-0.004319214683324411,9.389919336713496e-05,-0.00011414249553650009,-0.015501402478631807,0.0007150903470662122,-0.016902979558881582,-0.014099825398382032,0.00029647827790832935,-0.0021031959937869585,0.0019347443994529822,-0.005895295016714803,0.0016889030291408866,-0.00012415485845947106
186,0.0018110259265968435,0.001125794356298864,-0.0003955310117489297,0.004017582864942616,-0.001036926298166035,-0.008921175962477204,0.0007150903470662122,-0.010322753042726979,-0.007519598882227428,0.0008488859122940621,-0.001541514699552457,0.0019347443994529822,-0.005333613722480302,0.002250584323375388,-0.0030354816374875233
187,0.02337250137384222,0.001125794356298864,0.021165944435496447,0.025579058312187996,0.0007742815067874782,-0.004965425508686803,0.0007150903470662122,-0.006367002588936578,-0.003563848428437027,-0.00033557852068225643,-0.0010605429498620007,0.0019347443994529822,-0.004852641972789846,0.0027315560730658446,0.0024595002034769877
188,0.02304550127845549,0.001125794356298864,0.020838944340109716,0.025252058216801265,0.0014444725570638382,0.007427703791644763,0.0007150903470662122,0.006026126711394987,0.008829280871894538,-0.00019281276567078946,-0.0009141513627739344,0.0019347443994529822,-0.00470625038570178,0.0028779476601539108,-0.00045004361869740214
189,0.02302759240151293,0.001125794356298864,0.020821035463167156,0.025234149339858705,0.00047724505379504595,0.0056056789887546565,0.0007150903470662122,0.004204101908504881,0.007007256069004432,-0.0008672514761524919,-0.001346121489114379,0.0019347443994529822,-0.005138220512042224,0.002445977533813466,0.0007418535018975084
190,0.020507256496455087,0.001125794356298864,0.018300699558109312,0.02271381343480086,0.00021226509723817205,0.001016328116012908,0.0007150903470662122,-0.0003852489642368678,0.0024179051962626838,0.0008885218355688821,-0.0030723316642010555,0.0019347443994529822,-0.0068644306871289,0.0007197673587267897,-0.0022269652684028655
191,0.014666167445582726,0.001125794356298864,0.012459610507236953,0.0168727243839285,0.0010797857994496746,0.0036811219474782247,0.0007150903470662122,0.002279544867228449,0.005082699027728,-0.000747045206254324,0.00033315575187350195,0.0019347443994529822,-0.003458943271054343,0.004125254774801347,0.003780455727996312
192,0.018830057305118202,0.001125794356298864,0.016623500366772428,0.021036614243463977,-0.0003530960859507819,0.021629657093301544,0.0007150903470662122,0.020228080013051767,0.02303123417355132,-0.0007147382584636562,-0.0025858209096316503,0.0019347443994529822,-0.006377919932559496,0.0012062781132961948,0.003533061252265997
193,0.004976576646917679,0.001125794356298864,0.002770019708571906,0.007183133585263452,0.0010722914001293476,0.021877291493587435,0.0007150903470662122,0.020475714413337658,0.02327886857383721,0.0009244556650277458,-0.004897228530643198,0.0019347443994529822,-0.008689327553571043,-0.0011051295077153527,8.615186472479136e-05
194,0.0016418034252021207,0.001125794356298864,-0.0005647535131436524,0.003848360363547894,-0.000751686119861181,0.009165600561779643,0.0007150903470662122,0.007764023481529867,0.01056717764202942,-0.0006607913846873922,5.089195863673245e-05,0.0019347443994529822,-0.0037412070642911127,0.0038429909815645776,0.0024099130421601374
195,-0.030678373952241197,0.001125794356298864,-0.03288493089058697,-0.028471817013895423,0.0008067820054489597,-0.008196085079283799,0.0007150903470662122,-0.009597662159533574,-0.006794507999034023,0.00040298848418115867,-0.00021220553777035698,0.0019347443994529822,-0.0040043045606982025,0.003579893485157488,0.0011227348784417297
196,-0.005587525785462642,0.001125794356298864,-0.007794082723808415,-0.003380968847116869,8.635372319297854e-05,0.007135810431920342,0.0007150903470662122,0.005734233351670566,0.008537387512170118,0.0009313843335943322,0.00028841952909829506,0.0019347443994529822,-0.00350367949382955,0.00408051855202614,-0.0022150817147107683
197,-0.024271554641028214,0.001125794356298864,-0.02647811157937399,-0.02206499770268244,-0.0009251743044782282,0.0018460574809907786,0.0007150903470662122,0.0004444804007410028,0.003247634561240554,0.00013923956265333493,-0.0008140375391699247,0.0019347443994529822,-0.00460613656209777,0.0029780614837579206,-0.00135242112977797
198,-0.0015746590631531,0.001125794356298864,-0.003781216001498873,0.0006318978751926733,-0.00039771667897379667,0.0041819290812226614,0.0007150903470662122,0.0027803520009728857,0.005583506161472437,0.00020586261920430525,-0.0021534510356057412,0.0019347443994529822,-0.005945550058533587,0.0016386479873221039,-0.0031560184157926625
199,-0.0002317748035738274,0.001125794356298864,-0.0024383317419196006,0.001974782134771946,0.00019941066034408802,0.005607372261921487,0.0007150903470662122,0.0042057951816717115,0.007008949342171263,-0.0002778063880252658,-0.0010780800489853162,0.0019347443994529822,-0.004870179071913162,0.002714018973942529,0.0020176072181634715
200,-0.0004673897184485837,0.001125794356298864,-0.0026739466567943567,0.0017391672198971894,-0.002012508580796959,-0.004083806922714619,0.0007150903470662122,-0.005485384002964395,-0.002682229842464843,-0.0008557652733529974,0.0012280463895871828,0.0019347443994529822,-0.0025640526333406623,0.0050201454125150275,0.002001155446547917
201,0.015647555918255257,0.001125794356298864,0.013440998979909484,0.01785411285660103,0.0017574705386737745,-0.005267705212721623,0.0007150903470662122,-0.006669282292971399,-0.0038661281324718477,-0.0007144839401870082,0.0011338663515779814,0.0019347443994529822,-0.0026582326713498637,0.0049259653745058266,0.0051584943220766896
202,0.018753228616547785,0.001125794356298864,0.01654667167820201,0.02095978555489356,0.0011943352554860363,-0.015429668948346483,0.0007150903470662122,-0.01683124602859626,-0.014028091868096709,-0.001005356067130092,-0.005048601533955227,0.0019347443994529822,-0.008840700556883073,-0.001256502511027382,0.0017344507491329712
203,0.030242545621539753,0.001125794356298864,0.02803598868319398,0.03244910255988553,0.0020717339235182056,0.01195718615837978,0.0007150903470662122,0.010555609078130003,0.013358763238629556,9.3572864372133e-05,-0.0030387304903800026,0.0019347443994529822,-0.006830829513307848,0.0007533685325478425,0.0029461556207547256
204,0.021229701307064558,0.001125794356298864,0.019023144368718783,0.023436258245410332,0.00021418682208126927,0.029574483868879495,0.0007150903470662122,0.028172906788629718,0.03097606094912927,-0.0006032987483038134,-0.003088303572651063,0.0019347443994529822,-0.006880402595578908,0.0007037954502767821,0.0033955788791364054
205,0.009877160452555203,0.001125794356298864,0.00767060351420943,0.012083717390900976,0.0018733479984087455,0.017099398578103768,0.0007150903470662122,0.01569782149785399,0.018500975658353545,-0.0011962797547464196,-0.00725384110674046,0.0019347443994529822,-0.011045940129668304,-0.0034617420838126147,0.0035659145851512962
206,-0.001999411117313523,0.001125794356298864,-0.004205968055659296,0.00020714582103225016,0.0005350974550787759,0.020141500837756544,0.0007150903470662122,0.018739923757506768,0.02154307791800632,3.073795065592494e-05,-0.004034357226068991,0.0019347443994529822,-0.007826456248996836,-0.00024225820314114624,-0.0006029848216647983
207,-0.006620640202495177,0.001125794356298864,-0.00882719714084095,-0.004414083264149405,-0.0005694115334734535,0.008763157820421719,0.0007150903470662122,0.007361580740171943,0.010164734900671494,0.0002720214148969925,-0.0018420719618178214,0.0019347443994529822,-0.005634170984745666,0.0019500270611100237,-0.002491697498074044
208,0.0005190872248367097,0.001125794356298864,-0.0016874697135090635,0.002725644163182483,8.388526327341404e-05,0.01758432036184335,0.0007150903470662122,0.016182743281593574,0.018985897442093128,0.0003945028353355001,0.002934466984240599,0.0019347443994529822,-0.0008576320386872462,0.0067265660071684445,-0.002243150935851787
209,-0.0005120381623755621,0.001125794356298864,-0.0027185951007213352,0.0016945187759702112,-0.0012117027590950304,0.028578356996391968,0.0007150903470662122,0.02717677991614219,0.029979934076641745,0.0004890562953919417,0.0028010169946237192,0.0019347443994529822,-0.0009910820283041259,0.006593116017551564,-0.001807201865491729
210,-0.004588060298860947,0.001125794356298864,-0.006794617237206721,-0.002381503360515174,-0.0010409656730001483,0.019854695413319207,0.0007150903470662122,0.01845311833306943,0.021256272493568984,0.0001876512633383065,-0.00011229109596696814,0.0019347443994529822,-0.003904390118894813,0.003679807926960877,-0.0006463735612154769
211,0.0029269370402298456,0.001125794356298864,0.0007203801018840724,0.005133493978575619,-0.0002834611709452541,0.016815304164372595,0.0007150903470662122,0.015413727084122818,0.01821688124462237,0.0015959434915357486,-0.00042788435586729956,0.0019347443994529822,-0.004219983378795145,0.0033642146670605456,-0.0010335775775062615
212,0.019084329674586793,0.001125794356298864,0.01687777273624102,0.021290886612932568,-0.0002353607864768216,-0.0025000524076404795,0.0007150903470662122,-0.0039016294878902553,-0.0010984753273907038,0.00010462876448731617,0.0013616807384120543,0.0019347443994529822,-0.002430418284515791,0.0051537797613399,-0.000811660146137508
213,0.012208731879613369,0.001125794356298864,0.010002174941267596,0.014415288817959141,-0.0007971140032606936,0.0049236531422544826,0.0007150903470662122,0.0035220760620047068,0.006325230222504258,0.0007111755698834647,0.0014081764819307856,0.0019347443994529822,-0.0023839225409970598,0.0052002755048586305,-0.00157540810353007
214,0.02707975079031346,0.001125794356298864,0.024873193851967686,0.029286307728659235,0.0001366969506358985,0.005675741764220541,0.0007150903470662122,0.004274164683970765,0.007077318844470317,0.00038008263566336777,0.0032277617625429537,0.0019347443994529822,-0.0005643372603848914,0.007019860785470799,-0.0013924998512500572
215,0.03019464976962722,0.001125794356298864,0.027988092831281446,0.032401206707972995,-0.0015132851464099845,0.014942820581273112,0.0007150903470662122,0.013541243501023335,0.01634439766152289,-0.0002974757594981399,0.0039638458725484585,0.0019347443994529822,0.0001717468496206134,0.007755944895476303,-0.0003820803404371541
216,0.015246494515557837,0.001125794356298864,0.013039937577212064,0.01745305145390361,-0.0011107116790976621,0.025735486017333435,0.0007150903470662122,0.02433390893708366,0.027137063097583212,0.00039946615225625384,0.00386709858901202,0.0019347443994529822,7.499956608417483e-05,0.007659197611939865,0.00020352351974662567
217,0.025521358825797133,0.001125794356298864,0.02331480188745136,0.027727915764142907,0.0007492289685035181,0.010058793543849127,0.0007150903470662122,0.008657216463599352,0.011460370624098902,-0.0004159216160198615,0.003163973667255418,0.0019347443994529822,-0.000628125355672427,0.006956072690183264,0.001900671169258111
218,0.02330655362622696,0.001125794356298864,0.021099996687881185,0.025513110564572734,-0.0004091703712321218,0.002312395630228497,0.0007150903470662122,0.0009108185499787213,0.003713972710478273,0.00015358828235653016,0.0015261743079438136,0.0019347443994529822,-0.0022659247149840315,0.005318273330871658,-0.0001306115237315966
219,0.025716818608654452,0.001125794356298864,0.023510261670308678,0.027923375547000227,-0.0024990824309631017,0.009660786512016486,0.0007150903470662122,0.00825920943176671,0.011062363592266262,0.0013866555298532937,0.00040152880955964773,0.0019347443994529822,-0.0033905702133681975,0.004193627832487493,-0.0034840629258222184
220,0.006401081579055324,0.001125794356298864,0.004194524640709551,0.008607638517401097,-0.0014636665673167445,-0.004897186401538977,0.0007150903470662122,-0.006298763481788753,-0.003495609321289201,0.00041872945910607917,0.001960394562116266,0.0019347443994529822,-0.001831704460811579,0.005752493585044111,2.976221582794993e-05
221,0.016075867253979935,0.001125794356298864,0.013869310315634162,0.01828242419232571,9.526607320699959e-05,0.008908222073849469,0.0007150903470662122,0.007506644993599693,0.010309799154099245,-0.000768511175422492,0.004771386431186064,0.0019347443994529822,0.000979287408258219,0.008563485454113909,0.002578962764743589
222,0.034573246663962456,0.001125794356298864,0.03236668972561668,0.03677980360230823,-2.3286975350214623e-05,-0.005228075742008878,0.0007150903470662122,-0.006629652822258654,-0.0038264986617591026,-0.0005554227346196202,0.0024913517797194524,0.0019347443994529822,-0.0013007472432083928,0.006283450802647297,-0.0005812184050192661
223,0.024448920807750074,0.001125794356298864,0.0222423638694043,0.02665547774609585,-0.00025072399754066943,-0.015788461552804146,0.0007150903470662122,-0.017190038633053923,-0.01438688447255437,-4.1676276466014184e-05,-0.001115275656588801,0.0019347443994529822,-0.004907374679516646,0.0026768233663390442,-0.0018943603122413106
224,0.011260610237021889,0.001125794356298864,0.009054053298676116,0.013467167175367662,-0.001153136199574972,-0.026371378843803417,0.0007150903470662122,-0.027772955924053194,-0.02496980176355364,0.00017492016016011289,-0.00010299243185373419,0.0019347443994529822,-0.0038950914547815794,0.003689106591074111,0.0007153609287530399
225,0.009380715605656868,0.001125794356298864,0.007174158667311095,0.01158727254400264,-0.0009177846386823271,-0.015596856018086847,0.0007150903470662122,-0.016998433098336624,-0.01419527893783707,0.0006329274688657745,-9.013958794763619e-06,0.0019347443994529822,-0.0038011129817226087,0.0037830850641330815,-0.00340327984105262
226,-0.004155858312020838,0.001125794356298864,-0.006362415250366611,-0.001949301373675065,-0.001047668582881786,0.0048236701849133454,0.0007150903470662122,0.0034220931046635697,0.006225247265163121,0.00017353353747767523,0.0045481090142520065,0.0019347443994529822,0.0007560099913241614,0.008340208037179851,0.0026444293577860675
227,-0.013655754311177454,0.001125794356298864,-0.01586231124952323,-0.011449197372831682,0.0012623747186104681,-0.002478100643233677,0.0007150903470662122,-0.0038796777234834526,-0.001076523562983901,-0.0007025950787934564,0.0010540381304891503,0.0019347443994529822,-0.0027380608924386946,0.004846137153416996,-0.0003907202766387566
228,-0.007197131911397356,0.001125794356298864,-0.009403688849743129,-0.004990574973051583,-0.0017957194301136438,-0.01575377397826061,0.0007150903470662122,-0.017155351058510387,-0.014352196898010833,0.00031390570847603105,0.0005059414190309142,0.0019347443994529822,-0.0032861576038969308,0.004298040441958759,-0.0005774841471083296
229,0.00017797728086387313,0.001125794356298864,-0.0020285796574819,0.0023845342192096463,0.0013252084012498524,0.005563124004904614,0.0007150903470662122,0.004161546924654838,0.00696470108515439,0.0006675984539376012,0.0028575803641387055,0.0019347443994529822,-0.0009345186587891396,0.006649679387066551,0.0016420293524377688
230,-0.009832441725778397,0.001125794356298864,-0.01203899866412417,-0.007625884787432624,-0.000920531641633358,0.00980654965807417,0.0007150903470662122,0.008404972577824393,0.011208126738323946,-0.00011804651555025886,0.004314888155020442,0.0019347443994529822,0.0005227891320925969,0.008106987177948288,0.00035962290621526297
231,-0.007674197024125372,0.001125794356298864,-0.009880753962471145,-0.005467640085779598,-0.0006677669840134551,-0.0049603096588956095,0.0007150903470662122,-0.006361886739145385,-0.0035587325786458337,0.0005443670722013218,0.0030392187748060815,0.0019347443994529822,-0.0007528802481217636,0.006831317797733927,8.094514616345137e-05
232,-0.0023090744333011627,0.001125794356298864,-0.004515631371646936,-0.0001025174949553895,0.0007208444962728952,0.0030820974325017373,0.0007150903470662122,0.0016805203522519616,0.004483674512751513,-0.0002538945660691969,0.0004891798719128936,0.0019347443994529822,-0.0033029191510149515,0.004281278894840739,0.000793910331696726
233,-0.003947056378641196,0.001125794356298864,-0.006153613316986968,-0.0017404994402954225,0.000775571882043637,0.01807236001249952,0.0007150903470662122,0.016670782932249745,0.019473937092749298,0.000148412784267523,0.0018117867971070227,0.0019347443994529822,-0.0019803122258208227,0.0056038858200348676,0.00043261017590677064
234,-0.016144491019049755,0.001125794356298864,-0.01835104795739553,-0.013937934080703982,-0.00017144045851327436,0.009926278069093788,0.0007150903470662122,0.008524700988844013,0.011327855149343563,-0.00016975252661318753,-0.0022548768461504174,0.0019347443994529822,-0.006046975869078262,0.0015372221767774277,0.001605827214496234
235,-0.01552549647408578,0.001125794356298864,-0.017732053412431555,-0.013318939535740008,0.0012813960505538569,-0.0009926680532284368,0.0007150903470662122,-0.0023942451334782126,0.000408909027021339,-0.0010547252079166703,-0.002058834259474067,0.0019347443994529822,-0.005850933282401912,0.001733264763453778,0.0008405172028032757
236,-0.007261339900497063,0.001125794356298864,-0.009467896838842835,-0.00505478296215129,-0.0005031256460733382,-0.00689406762682058,0.0007150903470662122,-0.008295644707070355,-0.005492490546570804,-0.0004142506645922941,-0.003296134650811045,0.0019347443994529822,-0.00708823367373889,0.0004959643721168003,0.0023559260211068423
237,0.0006010762616464362,0.001125794356298864,-0.001605480676699337,0.0028076331999922093,-0.0014230350950431951,0.027487519294368955,0.0007150903470662122,0.026085942214119178,0.02888909637461873,0.000788668431790554,-0.0035752595409379584,0.0019347443994529822,-0.007367358563865804,0.00021683948198988673,-0.0012672339847527585
238,0.011629835500458773,0.001125794356298864,0.009423278562113,0.013836392438804546,0.0012603829078597951,0.020681574698608412,0.0007150903470662122,0.019279997618358635,0.02208315177885819,-1.8012245971608942e-05,-0.0033469542428938605,0.0019347443994529822,-0.007139053265821706,0.00044514478003398463,0.0009534516910331787
239,0.011181451179851962,0.001125794356298864,0.008974894241506189,0.013388008118197734,-0.0018495006809606251,0.012195457655927649,0.0007150903470662122,0.010793880575677872,0.013597034736177425,0.0009290862671370442,-0.0056054646072958144,0.0019347443994529822,-0.009397563630223659,-0.0018133655843679693,-0.0024572719297725897
