t,obs_x,obs_pi,obs_i,signal_x,signal_pi,signal_i
0,0.043759897925261804,-0.0010395624040668574,0.02512277446335821,0.044552468434005815,-0.0005148691200776553,0.023708753236328935
1,0.026584037834429045,0.02686944220981784,0.06111961610301092,0.024132086464938217,0.028279785593552147,0.05774027752299874
2,0.019320448784386553,0.006308001958176834,0.027739279299005052,0.01794339058150615,0.00756248693041071,0.02903277862506136
3,0.02671182118531705,-0.022005909694854702,-0.01630747101110538,0.0268614158483409,-0.021178758131173855,-0.014039518498879083
4,0.02126993561869044,-0.03504986279882301,-0.04506518327366285,0.024337324879173818,-0.036126785574259176,-0.04352080381104133
5,0.0025347453736534373,-0.025384087991388547,-0.04241286932988333,0.0001953727554030081,-0.028570109765151005,-0.04167987451526685
6,-0.01385215468255736,-0.00433941285908644,-0.010683786259407552,-0.01597954667752613,-0.003474498120416256,-0.013668990029475194
7,-0.02006543014611503,-0.031057833038092945,-0.05866469629533714,-0.021203843354739727,-0.02839497014019507,-0.05777754716455677
8,-0.026960266382192066,-0.009448332919357025,-0.02972865281974561,-0.02650459386145579,-0.009863114873660449,-0.03189844368650043
9,-0.0380923725247124,-0.00048720948190980064,-0.012714509352216255,-0.035193869270609676,-0.00034936329584922895,-0.017147847027560822
10,-0.046548888737419254,0.006878881642024845,-0.011624990685649228,-0.045818410799026175,0.008010032160903053,-0.011705922393088397
11,0.02076838729801218,-0.03889020526924205,-0.04991540741851629,0.022791802057874466,-0.04002829432106159,-0.0501803218230867
12,0.03893088427322982,-0.038811075500903076,-0.046169811146556855,0.037500755207480155,-0.04052832253268618,-0.0492134090879091
13,0.00840427810939205,-0.03180582616906505,-0.04945302638463399,0.008964422627322785,-0.032338719270265326,-0.04661866639257801
14,0.010622599144377881,-0.016025335877801968,-0.024543264361276275,0.008993364716154308,-0.016375480344127044,-0.02526570369805197
15,-0.019216555238889564,-0.007416514335859171,-0.019097617206150604,-0.018686425954995117,-0.007324849295062512,-0.020715181122956783
16,-0.04434747315866912,0.026078359999524296,0.014543982022037459,-0.044110418802731706,0.02589737836838923,0.014984803467806743
17,-0.029085628247784313,0.015010551543146816,0.0037415710067355383,-0.02892247575178433,0.013782308443349812,0.004695511208301594
18,-0.00886014479018617,-0.025109508618456088,-0.041279946103255645,-0.008083974749902623,-0.02398312922780444,-0.040724397403257694
19,-0.03654813556741475,0.015397348016590024,0.0056022788192428025,-0.036487470152373434,0.01636160290984552,0.006065125567201155
20,-0.020805254910471825,-0.03068867316380773,-0.060682412516597714,-0.02203189613533082,-0.029653263770022024,-0.05980232335177616
21,-0.03864455663931782,-0.017334986073761695,-0.04650160802769936,-0.04003991665023828,-0.017072348579529103,-0.04705001005464989
22,-0.006459663844834509,-0.037232490596395454,-0.05530231243076739,-0.004414065580022714,-0.03660517580353075,-0.05878280771289343
23,-0.04752259825406024,0.011277069836041103,-0.004516207266857998,-0.048501872996730165,0.011197614186094189,-0.004965633611778389
24,-0.049455870378552834,0.014415931897205478,0.0011040264360308832,-0.04788943606002677,0.015752368744447222,0.0012429147595973402
25,-0.022433110250558427,-0.004849764659380429,-0.014333983622195815,-0.02352546689392538,-0.0015479100865169167,-0.01774023326040458
26,-0.0033463377038439584,0.005714716520989255,-2.4991232168720696e-05,-0.002128983644009317,0.006309422092999899,0.003596027698168727
27,0.002583151618095664,-0.008675197471277502,-0.013039186772687509,0.004478567502607719,-0.008690479469269223,-0.013648253457884299
28,-0.02939721118777606,0.01791467729937979,0.009258981306142562,-0.02732704145384888,0.020258464107292377,0.011027112004087793
29,-0.0036622377354734448,0.010100153847290625,0.014554506982311036,-0.005893251415096122,0.011049559833438189,0.013189147404286576
30,0.009111111355818765,-0.010542664718062087,-0.013791527023817451,0.00881630470524446,-0.012907243951194722,-0.014688136976731863
31,0.04206226170472466,-0.018812669780807357,-0.001260293747145978,0.04288712177756284,-0.017519136146427514,-0.0028569627114191504
32,0.03308352383483078,0.009641763939222368,0.03259110571182099,0.03272302743481636,0.009002303659532248,0.030600282267216287
33,0.042256568644868486,0.02010133599415445,0.05109550631057876,0.04190420827988366,0.019069687112016107,0.05201607860924972
34,0.02614276524969621,0.025010897274007557,0.05299545794432341,0.027807926979999825,0.02663418011666121,0.053893415772791144
35,-0.0011553675540980001,0.03675897036329457,0.05287538343479173,-0.0032592544876768412,0.03628647477568902,0.05302238692417174
36,0.02579665923259391,0.005331311994249065,0.02680891601444309,0.02727397849921784,0.005427049113561686,0.024332590863143932
37,0.035566625653835796,0.016728731165026427,0.03888208793915315,0.034002034858794564,0.016419513733466062,0.03896685502676354
38,0.061240105165040984,-0.01040085639032384,0.015829893533044474,0.060068592251387484,-0.0105612790933065,0.014357578206014528
39,0.072296231335186,-0.015523164192959436,0.0072471816633211845,0.070861687455841,-0.017150454341934265,0.008059861456111891
40,0.04850928216274514,-0.021519667740205427,-0.016787889002230088,0.05009084294157408,-0.023926741987614804,-0.015274254471997055
41,0.039446413127764604,-0.047396308707766864,-0.050241695471163667,0.040773984103020154,-0.047226151969703,-0.05102375829697512
42,0.003193154723906001,-0.0035239420375185434,-0.009139287658240762,0.003338545608255294,-0.005224927120967082,-0.007326399447967912
43,0.03405888189510261,-0.018878851488384286,-0.008798888706208726,0.03586177852073485,-0.017880184860281877,-0.009733873778703736
44,0.04095874469924893,-0.028501512807272,-0.023342771379471675,0.04020979734285665,-0.02790715844293042,-0.02451521437233983
45,0.011184262608228149,-0.019262765337199814,-0.027423217897083515,0.010801531865701083,-0.01898185283094809,-0.0264273659115045
46,0.002933089735473326,-0.005109104594724691,-0.007463983558837374,0.0024271915427734546,-0.0043076686014800695,-0.007535368622018602
47,-0.003589306047040835,-0.013425497621622862,-0.01972322850601933,-0.0023139735325616827,-0.012796554192603955,-0.01962161199057219
48,0.004345429737494923,-0.012954921133051463,-0.018225575839159062,0.004932189353380531,-0.013710956725102766,-0.018525699767150676
49,0.024826010049774937,-0.004886044968162119,0.00048606722072624736,0.02497042526229579,-0.006208988921637279,0.002291190968264445
50,0.034816368441397016,-0.007684294152151685,0.00612789476723611,0.03290662043400606,-0.005397853932912748,0.004366953663321359
51,0.022406160099128023,-0.00867719490391012,-0.007745030158296448,0.020428034659686796,-0.011022119996239655,-0.008508915378640397
52,0.02670080437813831,-0.02091998766400425,-0.021319590740239647,0.025384551446270175,-0.022326840043082267,-0.021731695416908694
53,0.03708609464032823,-0.028638818662729992,-0.021454577632975733,0.03645466178113809,-0.030060659785076316,-0.02202670186377649
54,-0.018869458278683776,0.007008605754015642,0.006639455460450912,-0.018888868437162535,0.006539879012481811,0.006275552715404574
55,-0.01036482446308203,0.02392004093388155,0.030571426103650157,-0.012490315443831,0.025000365980792024,0.03139495964526098
56,-0.017440530959730527,0.021095723359305273,0.019820796725052242,-0.018610753956767187,0.02173976346139893,0.021097644710696545
57,0.018592823404362448,-0.0015404169443659008,0.00302074525935039,0.018443850563931295,-0.0024681734093974076,0.0013769346675235774
58,0.01840413973717699,-0.008542936116704473,-0.002757116816730133,0.019963027499399655,-0.007816976046945364,-0.002870446847340866
59,0.032069709424366974,-0.030818658786905692,-0.030579400782564804,0.03170738080187178,-0.03166021436292707,-0.03102777886370448
60,0.007311123047081881,-0.029875719454921217,-0.03551011741987698,0.007634944565179535,-0.0281393523546604,-0.035025686981934485
61,0.02646117691928138,-0.015034135705350312,-0.011964126361838577,0.023993331196271853,-0.017114916130843285,-0.012791769344897654
62,-0.005324691860973913,0.006237902532444423,0.013628672515393115,-0.00391155513890445,0.006871645169940444,0.012216725704646951
63,0.00503016316869279,-0.007084887523032194,-0.004347125999866452,0.00735737268196724,-0.0057300077297484835,-0.004912045526535907
64,-0.015174335661241703,0.01226881458334231,0.0056268059307019525,-0.01233315493498725,0.011278918947549938,0.006402701347634463
65,0.01828262703736113,-0.03827717804113504,-0.051433307236070015,0.015026895377096979,-0.03825506591810247,-0.052378675111205066
66,0.018658129874925933,-0.020925170422886906,-0.030493007935850417,0.017966125215424993,-0.02343591020252221,-0.030357867910042816
67,0.004897916262238609,-0.014169225302526704,-0.020859770194313707,0.004126579450744339,-0.013409851403341722,-0.01851214301946357
68,0.016982132060981602,-0.024540621096957666,-0.029327479567676194,0.017030541111456233,-0.02470317580304841,-0.028353721927384706
69,0.03379658985504608,-0.02022926594987449,-0.012673373407935382,0.0351132824713249,-0.020641666973126197,-0.01286585288003371
70,0.027062792553885932,-0.004539728093924362,-0.005331553318331062,0.027419356520146387,-0.008533402109178358,-0.005235575928925244
71,0.04284585441970346,-0.015613195507864804,-0.0017924087247550187,0.0410874831026555,-0.014001034215091364,-0.004202063975069015
72,0.027499072918491952,-0.034089298994482806,-0.04257253562179989,0.027986302592855766,-0.03309897741869707,-0.04182119920998178
73,4.571880800955031e-05,-0.011672762856375174,-0.020432205416059813,0.00037052442831211056,-0.010597391740392556,-0.018722133520430503
74,-0.007334573753245073,-0.004085828251506006,-0.00722786405977286,-0.006845865555522664,-0.0024029165657963197,-0.006591284839429203
75,-0.011098535715789408,0.006460933883602167,0.00467071139174841,-0.010437759330636193,0.00801037333368481,0.004629242553910555
76,0.010946314527985881,-0.006909135816878466,-0.006734082678638016,0.01132970198937417,-0.006315961932103723,-0.005035526836736618
77,-0.013365773990724337,-0.019799686674644712,-0.03817028097794361,-0.00962496685610427,-0.02308917575526276,-0.03868691023570971
78,0.0037589132612706735,-0.03512267183052117,-0.04905621929931025,0.004429118769146368,-0.03566442525924188,-0.0489942596033184
79,-0.012421040106018865,-0.034263674588840456,-0.055282033972532056,-0.012137980029535724,-0.031866389673129804,-0.05320374762563578
80,-0.032563708280403336,-0.003742364968964823,-0.025086543878531094,-0.03348508793701607,-0.005315814318156272,-0.026998054855322397
81,-0.0350442915200612,0.02050663428509579,0.015656074982207845,-0.033167210264445794,0.01922630131048319,0.011866405155168869
82,-0.0004358622749888409,-0.0005271116512694971,-0.004445247521494819,-0.0014712028383215459,-0.001560936966257622,-0.005251640708251584
83,-0.007017562456655937,0.007230283810714357,0.009930810664727386,-0.004322748782929625,0.005816707505863412,0.00840255426462929
84,-0.0125651055145743,0.01215210720361664,0.010818324026282468,-0.012483419495130417,0.01318462013378986,0.011350179844874568
85,-0.012343402897496698,0.02221469001616014,0.025582435071353625,-0.012883648774635577,0.020555295479256705,0.025406020174257707
86,0.007746473832091316,-0.01147666534073734,-0.014993685175331813,0.007214013641802567,-0.011619445323924268,-0.01413428325670438
87,-0.017789514478776736,0.011837051780323743,0.010827738488887448,-0.01648690311801176,0.011474391035787368,0.011087809430965243
88,0.03137762261513412,-0.0339741129641787,-0.03331672234406709,0.03111112143044748,-0.03752880333737875,-0.034560692863712675
89,0.017485742554780123,-0.0014008864320173547,0.01165104508939321,0.019343215815903977,-0.0023410652135040662,0.011289020776268652
90,0.015721488142648538,0.006209730494960611,0.01897089647597378,0.012616925679683274,0.005219710784335571,0.01684150469627176
91,-0.022565939706880977,0.03575419610078773,0.03596461918155596,-0.023838554450624275,0.03481356166221247,0.03857343931084906
92,0.026182580854437223,-0.009542074423097778,-0.006552140665840317,0.02441568168771936,-0.012558674759493564,-0.006095754761556404
93,0.03932811855948357,-0.025389128735172697,-0.01196925229583639,0.036656061592709614,-0.023571304019913985,-0.01240834719716762
94,-0.0029123830144064497,0.018842777500402842,0.029634316018690647,-0.003585246746549734,0.01699925034940298,0.028042593649266683
95,0.00011055451923711501,-0.0034643775683326733,-0.0059714352551852425,0.0006997414395200417,-0.006663180708303161,-0.004103789775127618
96,-0.05372001579520609,0.02176140793297718,0.009552696257521018,-0.05289655064404585,0.022423183361394164,0.012498093584367717
97,-0.029315688046810142,0.0017856875679647761,-0.0027202563841675453,-0.027797798119847,0.0015095940449386491,-0.005768929942344092
98,-0.04263761405164391,0.004373689339314892,-0.01729535631901765,-0.04497050514972717,0.00425685801767132,-0.01826067044801897
99,-0.03731403726994634,0.012939410373254443,0.002609205630805104,-0.03351395027071168,0.012485330452078511,0.0003315896107243394
100,-0.021438624222343026,-0.006547286493341161,-0.02380947110427352,-0.020072516446359445,-0.008139372829854545,-0.021978629725271953
101,-0.005102090669848626,-0.0136621098147553,-0.02188571821135057,-0.005138556140246484,-0.01378520978443447,-0.022596014121584084
102,-0.02379062596827584,0.01785871716512233,0.010771491636096156,-0.024560326470113147,0.015553063907464028,0.00950464331055126
103,0.010767878421046425,-0.018709150342535043,-0.022291415359456158,0.010775375642390122,-0.01835584995086891,-0.020805464519409643
104,-0.00662014314273655,-0.022154083437617354,-0.03275288816010482,-0.00589204695566808,-0.0194508551554975,-0.030130071291067994
105,0.009761198902221754,-0.026154904209180544,-0.036642156442758,0.00875649611961483,-0.02706983351450182,-0.03766108172595785
106,-0.004588395195331608,0.0033239180974054872,-0.0035400208736909612,-0.0037156964092967884,0.0027140461345355397,-0.0007092097690178336
107,0.02880080103452727,0.0006582028865566249,0.013536177494019148,0.027567272318155946,-0.00037535734701387677,0.011432393052405275
108,0.017541471156354696,0.010829734347319174,0.021949159362203534,0.017086752718591107,0.010599866773549942,0.0240028860488638
109,0.00028663167357819027,0.012755914485970325,0.014345947492858582,-0.001699016831167313,0.012557997018995383,0.015119737383827467
110,0.01605358050570647,-0.016142493902192506,-0.019321555043559917,0.015494012417269184,-0.01855113135792232,-0.023113028403149632
111,0.006803434769826936,-0.012681385675659601,-0.015906273653586375,0.006701271901301559,-0.010752025013703374,-0.015642872986398822
112,4.41367891781824e-05,0.004516996559224223,0.0068187096133259465,-0.00029506583238036934,0.004491792790877014,0.00577091369325079
113,0.03780404968365148,-0.03786982015738413,-0.035117856428890794,0.03773428742438792,-0.03801930442452317,-0.036832963870021634
114,0.015602432713562974,-0.03048092058564793,-0.03553153826893689,0.01769592075040354,-0.031061470468744645,-0.03714372144930477
115,0.012755463969549739,-0.020575355747105492,-0.022296804013868445,0.013169683794594463,-0.020719309136887302,-0.023623441045265123
116,0.029682822512097473,-0.03777868042935263,-0.039983680403942644,0.0265697703196712,-0.03531278848477009,-0.0410201325299946
117,0.03221324304966622,-0.05941755008724236,-0.0670531757838674,0.03185948803187162,-0.05500880087428768,-0.06760455629705053
118,0.019317712281971253,-0.02690507398295466,-0.03603740617208548,0.020907779785054887,-0.030195887062990166,-0.03860657213933924
119,-0.0021936294536623875,-0.010813007235460166,-0.025325943279514575,-3.497181153707313e-05,-0.01191424211609697,-0.023818367995025153
120,-0.0016840678392688407,-0.01936232499920289,-0.03832437054229181,-0.0012323116826334585,-0.020639214788144098,-0.038287024137182414
121,0.022814263980384962,-0.05191936100082323,-0.0696523045507433,0.02285519527214628,-0.047783813852331256,-0.06644807674184373
122,-0.03950945813621314,0.026763456490633584,0.017736770144423177,-0.0370065533854149,0.02634479808957381,0.016828014535117623
123,0.007088901670701402,-0.0028175322289637292,-0.00554542963075528,0.006948416298783313,-0.003180398084138039,-0.004152029648397995
124,0.010580545784142038,-0.009034155602189472,-0.011801680470500795,0.009554771003240864,-0.01048757453710919,-0.010970877131364161
125,0.01429982615977031,-0.0008659484749968254,-0.0015764687680334718,0.01415013274554006,-0.003005520943872047,0.0001761479754157558
126,0.006715511947460173,-0.004956939157279481,-0.0071950399646110675,0.007850887416943363,-0.005229282970058646,-0.006695075641692962
127,0.0028499071979124807,-0.003980458918228212,-0.0043524589095759745,0.00484001762512249,-0.0036131064697295053,-0.003906156589187698
128,-0.011918992711352758,0.006637018630917299,0.002163851156706545,-0.012713074804242485,0.004960563437454061,0.004381428632280691
129,-0.02629967809718992,0.01390286447331329,0.004993473753502302,-0.024660645026691904,0.011965176226438628,0.0052264144753013655
130,0.015923305789890367,-0.028870415749629445,-0.03249036743213648,0.01660610163643795,-0.02777843883050824,-0.033332565981963526
131,0.019300583744766724,-0.04847156945552709,-0.06480515446102458,0.020669267641686567,-0.049238563899424395,-0.06414453798130407
132,0.03681490958657122,-0.03249973881164292,-0.028944375232793716,0.037294650296834285,-0.03078679415283389,-0.030471960748263503
133,0.01904310150419475,-0.002871866534886986,0.0007650263742612478,0.017296673042208,-0.0013863373947526933,0.00020307408426938547
134,0.04797814826990812,-0.010943713689334097,-0.002302017709145791,0.04306894811946262,-0.00952125805808851,-0.0013562081824004442
135,0.02140937988348802,0.0019218010446875422,0.011382870169856025,0.020519677156322864,0.003969345749490416,0.010698885986790746
136,-0.012091702070932273,0.03325977834647353,0.036655531064365976,-0.013715280905389702,0.031910338936253696,0.03676157713181824
137,-0.014308940825012384,0.032432605802148,0.038382971936519544,-0.014570288024530226,0.032456758134005295,0.037968301368104314
138,0.0024344861659862,0.0016314838900443004,0.003959632091307352,0.0026456187660828744,0.0022221073711753505,0.0013081532639075933
139,-0.0016700963870093565,-0.006897674939610818,-0.01152113522713559,-0.001730798959172545,-0.0032266467527536087,-0.01140492464515411
140,-0.0004888218117177952,0.014018488761237059,0.011309910793150791,-0.0007423476634596383,0.012400374309454473,0.012490846348903755
141,0.004367009959319365,-7.487925139620965e-05,0.003208720068106261,0.0056851753549262436,0.0001339632377202842,0.002059186322894236
142,0.007542491292518944,-0.007767199205557997,-0.0038153676469283443,0.006973386152070285,-0.006612087809208018,-0.004613934145295052
143,-0.0046875119878249305,-0.011629895010548369,-0.013194065651995851,-0.00354670171765238,-0.008970375078820663,-0.011345417076364306
144,-0.0034134319771850245,-0.023951526464463507,-0.03418827402007897,-0.0035805695437148037,-0.02278123027297578,-0.03489538272528592
145,0.001977313506721017,0.008565955734287927,0.016713801874689304,0.002734845992111125,0.008626310644147787,0.018167871498894612
146,0.014197965664640773,-0.002545043938495893,0.008190164495559309,0.012649134982591058,-0.0027188576547619797,0.0060415873403269985
147,0.02805675843849257,-0.002471936545884426,0.014207855615562414,0.026771628565521337,-0.002276205464821191,0.012966611635823536
148,0.025542351176263196,0.012054061522222107,0.03235314944378948,0.0264792775154103,0.012483292616133146,0.03296705027163224
149,-0.008607531285239351,0.010687354299586279,0.01819446864677015,-0.006318844711608825,0.012612507060358961,0.017485507326903207
150,0.00018645255448906126,0.002727745592004391,-0.001168766797400138,0.000828304273464041,0.0022172728518036265,0.0006766100943009734
151,0.005467413727970329,0.009686374798491729,0.011325511248264534,0.005098225754551976,0.008782048460529731,0.011968282588531873
152,0.01145885635066791,0.01854553954257102,0.03035826781163132,0.010561047801834691,0.018223161403792393,0.03020722686949286
153,0.003251460083362592,0.051628248105113836,0.07479778026505646,0.004467150320000262,0.048116253035043036,0.0754642951381224
154,0.00970294715536571,0.01319981356715335,0.02308645247442798,0.008755568238289529,0.01367946477658837,0.02452221074874156
155,-0.0006000445765014643,0.008469054580283873,0.007673121131129238,-0.0006559396022199613,0.005595024949229165,0.008608527734088607
156,0.0004077381048389829,0.016135134054074043,0.01853156199590142,-0.0017068239238338663,0.015375586062862573,0.019086990873787395
157,0.0176214287313912,-0.0033343299741847537,0.002318992622123889,0.01681656620226681,-0.00330662870755564,0.002322032545449443
158,0.007869999515614921,0.02861905305949743,0.04314947121540305,0.007322346531241984,0.02801471504509735,0.04432542770700352
159,-0.014493108998982668,0.039873203089440076,0.05618925215225628,-0.015637964448334415,0.039127305557129274,0.05472482524987419
160,-0.015829638636132886,0.043157990862276396,0.05674574646998807,-0.015260895603982094,0.041866168394863595,0.05788736374893662
161,0.009632188644172625,0.020874493747977858,0.040591877228022995,0.008375300983295175,0.021623152016858126,0.03964268095323427
162,0.021683291736802852,0.004602538271202606,0.019558903623044598,0.021250203244068972,0.006551541287581241,0.018624752295281266
163,0.009100615053440703,0.0027339744687202906,0.011953178332811733,0.011265648646633163,0.0038846927127003756,0.010827630011438575
164,0.028558581262483913,0.006642592465493261,0.01924174563954667,0.027385562187583305,0.0037889562775235853,0.019270121074650988
165,-0.010392830529156781,0.02324804915146201,0.02969850990255149,-0.012045826243850057,0.021262397817196844,0.03103162183451878
166,0.010659412228630758,0.01674319367755975,0.03061097017140882,0.009822510788186757,0.016018957095302606,0.03065440853237771
167,0.01512374364026247,-0.0017099369716435462,0.0053938300873759846,0.015725379077897075,-0.0033366843061108354,0.004826159025486973
168,0.0010046558089695523,-0.002923605000970009,-0.007371681064344913,0.00016206943744217098,-0.003616577315162546,-0.005214922553157118
169,0.01161507270433058,0.0022189923827859097,0.005558922058272103,0.014463088675642825,-0.001170533396834884,0.006511380475704355
170,0.04456378994872822,-0.018425187401082666,-0.008271930339339352,0.04397983301234593,-0.018691298662894002,-0.0100523049657956
171,0.017186713601808627,-0.010563103698276942,-0.008790448649882415,0.018594542000892837,-0.008183862352832602,-0.007021559782540934
172,0.039569823138622076,-0.014524188632631165,-0.00549312672462471,0.040000632551346296,-0.01447224010180161,-0.0038957074644206204
173,0.05332481314835246,-0.02364231648670769,-0.016788389378754973,0.051687637977398976,-0.024030907848645325,-0.013661016603405286
174,-0.011778059195112258,0.019558633291129758,0.02250915954418163,-0.01227850462710497,0.01943087647974109,0.022613683641308616
175,-0.019912825715119913,0.006600939940926167,-0.0002876606299078994,-0.01997778147515564,0.004718570427784674,-0.0005095344767313833
176,-0.05525671118734774,0.018862439710476745,-0.0033512777696055995,-0.05586642754162992,0.018249038686790963,-0.0019496824234272463
177,-0.015026027504421634,-0.010244298749039073,-0.02428173889860268,-0.016180085455092277,-0.010071893975900205,-0.024743361834394566
178,0.008438030590382551,-0.046440928897208994,-0.0663298449984956,0.007497242088395011,-0.04538560715069299,-0.06620972559824903
179,0.002695427653523828,-0.03003705478767417,-0.03969388096310634,0.0009924107235667284,-0.028976064326785626,-0.03946861267331708
180,-0.011383233929914194,-0.008808886968885382,-0.011113170693879949,-0.012806416152304427,-0.007969798202545763,-0.013797052340554044
181,0.0068028239162576075,-0.013878863742727603,-0.011004194291742089,0.008669024219948428,-0.012524086342417362,-0.012171796138486695
182,-0.011350571014238036,-0.003109475115793458,-0.009519895098254495,-0.012499843006792412,-0.0021589204568777066,-0.009792098104290655
183,-0.02639449443627896,0.006995276404964042,-0.005104206044586108,-0.027874280387891873,0.006471111308821655,-0.0062513997915774645
184,-0.003030842534638219,-0.0023127139032929392,-0.0029283097416253523,-0.00421590665606031,-0.0024397991034005627,-0.00466825774224191
185,0.025783503313562477,-0.02527751019813292,-0.02955845357189387,0.025836059835726115,-0.02671204048531595,-0.029129071945438356
186,0.017890727604025294,-0.01345453084786328,-0.013229527104419112,0.017649392936846253,-0.01507485669654863,-0.012293621638464753
187,0.03187494298341802,0.0028133891829552685,0.019195514227526023,0.032392479623523734,0.0034107347684648897,0.017792298811120207
188,0.010779889569081925,0.02338502987923733,0.039049135453323135,0.008631083024136017,0.02269163717907144,0.03788888953659863
189,0.014245733432506038,0.020580936583830076,0.03572912292229284,0.012799233682471566,0.021503523233851577,0.03656692670100126
190,0.02107045019539402,0.012792362964628792,0.024094530370504057,0.020073969901834108,0.009764241349988245,0.02383798058010123
191,0.0074662867056905,0.012001275891527803,0.024028581682598377,0.008665669166998444,0.014190747446457295,0.022171655777062347
192,-0.0150064809798652,0.04638765506714812,0.05628320835546238,-0.013318449861891232,0.04684183686817312,0.057484648209416414
193,-0.0268316743246295,0.041152181298349085,0.03909982023848254,-0.026706447956076847,0.03726737870399958,0.037564463682592954
194,-0.014014603748094469,0.014723916033826775,0.017850555983072773,-0.011963751987731083,0.017742043849916338,0.01827216869748556
195,-0.01606021388173094,-0.027592145163158822,-0.050272146221053894,-0.015047655765929717,-0.028596198043129843,-0.051753065363871704
196,-0.0173681954756317,0.008989580416839317,0.005685535425349684,-0.017818821758933394,0.007209778359902009,0.004408757904195383
197,-0.025799179872172888,-0.007528676767604907,-0.026394318973745338,-0.025793990810371387,-0.008096364689593781,-0.024503158848968316
198,-0.006219680748101523,0.0072918053223223825,0.004040584633366193,-0.008544319063894516,0.0058604054205943015,0.005521015979131115
199,-0.008596069757028221,0.009373774318281873,0.00864364849176243,-0.007559550571423398,0.01003925860440373,0.008183425353745109
200,0.005019231581580489,-0.008075182669049523,-0.006332145942129135,0.00747158117376881,-0.004491159456310394,-0.0037740576545419206
201,0.02292279282696908,-0.0020087822596721793,0.01050216345631772,0.024285839208642832,-0.0004182321244562875,0.0074909434471382725
202,0.048792653314968064,-0.013518498470819812,-0.006746012632824713,0.046443660315432164,-0.014576474659398594,-0.005425934114470015
203,0.012087151618401317,0.03467088161025384,0.054404001838411264,0.012564148084907046,0.03366475473768702,0.050794320037849325
204,-0.02568949629822374,0.060261472161718545,0.07229471068418054,-0.024193758229110487,0.06069980423087406,0.07246894477996836
205,-0.0118509546501593,0.03678824650425097,0.03558485665855471,-0.013487749958684755,0.0357415234422143,0.0360486544920873
206,-0.03191584320442976,0.03341059686998161,0.029301016837281244,-0.03282189294961608,0.03263253882203126,0.029106489353834655
207,-0.019399626376432434,0.011649991326985212,0.0060532073233559944,-0.020415105673786245,0.011120867753213264,0.007123374329182999
208,-0.031618789270971434,0.027129334948360465,0.03192623210922201,-0.03231487394605704,0.0277589731139122,0.03065864061793217
209,-0.050359219912846614,0.04614104861709421,0.04794601068681621,-0.049600124897162486,0.04599142688950339,0.04879529674578929
210,-0.036968425620853305,0.0315047683576052,0.02683508337366083,-0.036375373258602045,0.03077401275640952,0.028507414970561768
211,-0.024523753719053683,0.029437020447964146,0.031066929345722194,-0.02256431650864747,0.026544906445830064,0.029140894636060323
212,0.021342007038551637,0.0035357378740861756,0.01955284800142926,0.021129809560887232,0.004296407356082658,0.01918285669911716
213,0.0023016609922665017,0.013314725651828074,0.02316743806875444,0.003094180827687265,0.012502014419529106,0.023283696628598145
214,0.013788173946822403,0.0201620051889234,0.04339442322132346,0.013383561102451265,0.0204862541975808,0.042041423461389844
215,0.0007813642760168924,0.03703528524801458,0.06243590083378302,0.001772051737579439,0.03917907192948808,0.06400055997600745
216,-0.03149603095058208,0.048344824425475025,0.06222977750255065,-0.02915513716682772,0.04885899951849873,0.062374505763599625
217,0.005284767188688581,0.027255336283734517,0.048329943471943,0.00553082984557506,0.028594624595418502,0.04692065431391258
218,0.01743224762696391,0.014358750270602766,0.03181822583245838,0.01792852018474598,0.014294299694234437,0.03206249546540005
219,0.00859259477779415,0.02805560076424946,0.046375435700564537,0.010301682715973703,0.026121155605240927,0.0482181665012301
220,0.012272245601933731,-0.006304205509105597,0.0004642807657127047,0.014762630350782407,-0.005457908202253477,0.0011250852182993014
221,-0.0037424523866003883,0.019680416619761623,0.03658373762142404,-0.002407362424366329,0.023044369016170897,0.03555529597851565
222,0.040119937916311486,0.00669882934194605,0.03327955227306594,0.03853567583825453,0.007815373461739142,0.03406346829647468
223,0.05100690500533131,-0.013596433312023834,0.0015696864256851625,0.049206404795674216,-0.014700282586625646,0.003331863173551139
224,0.05446455514025388,-0.038724733423191056,-0.03030702281146413,0.05653742463110467,-0.037985147789645214,-0.029527362729522267
225,0.03484283546990939,-0.02147689736146463,-0.014709424679363908,0.03392833154300249,-0.022610454219061483,-0.013557249674833124
226,-0.016639890825592345,0.003368763343990038,0.005836343650388705,-0.012273822738302392,0.00592987204020923,0.004661576347628591
227,-0.009836233437960995,-0.010028389325563384,-0.020352164712984337,-0.012663493485536968,-0.010092877821287972,-0.02002630506757253
228,0.018761869045350557,-0.029637427682760946,-0.034281592282520965,0.020442791096349,-0.02924252020717925,-0.03255895919645513
229,-0.011817159201719421,0.007702713025976501,0.011239741402615333,-0.010213201950580618,0.007358749338328276,0.007147074043903044
230,-0.02986099612002536,0.00971886408120236,0.006818598014048774,-0.028303554713976362,0.011616989344963973,0.007228971909262963
231,-0.001842440838506884,-0.01278732860709438,-0.015930449099111777,-0.00013011368744182,-0.012837345712789258,-0.016362801784262165
232,-0.007556266127884856,0.004467021327714166,0.0022626413284270127,-0.00818278745449293,0.004159062300599534,0.0018424692638690035
233,-0.03551684991355764,0.027206310047606916,0.026263646218142655,-0.03533372602228216,0.02720793760010356,0.024524220010214513
234,-0.02971707785096663,0.010858305237215581,-0.004540595611681022,-0.028875075838768204,0.009917136241505593,-0.003422537617772364
235,-0.011472801173409623,-0.008117467265786953,-0.020939977601092993,-0.013896895761523486,-0.0072135992399700805,-0.020668198202994204
236,0.007564785623401642,-0.013257491349389465,-0.02167802546937011,0.008908292960002562,-0.012910824080118559,-0.020564150312094447
237,-0.04162590924612106,0.047522158606882206,0.04439057416640586,-0.0402510377830061,0.045450650991605036,0.045742432039719304
238,-0.01985638925800622,0.040878093698179734,0.0464273645881583,-0.020620673681938484,0.03973458331957833,0.044991132204471214
239,-0.004064277778326272,0.028124784959921413,0.030251077157502377,-0.003422666453910879,0.025186504646880648,0.0329202310658423
